video_id,youtube_id,url,title,channel,published,length_s,fps,frames,width,height
L21_V001,Rzpw5WR7nAY,https://www.youtube.com/watch?v=Rzpw5WR7nAY,60 Giây Sáng - Ngày 01082024 - HTV Tin Tức Mới Nhất 2024,60 Giây Official,2024-08-01,1262,30,37849,1280,720
L21_V002,qqC4FLMNLdI,https://www.youtube.com/watch?v=qqC4FLMNLdI,60 Giây Sáng - Ngày 02082024 - HTV Tin Tức Mới Nhất 2024,60 Giây Official,2024-08-02,1057,30,31720,1280,720
L21_V003,JrDeTiLY0u8,https://www.youtube.com/watch?v=JrDeTiLY0u8,60 Giây Sáng - Ngày 03082024 - HTV Tin Tức Mới Nhất 2024,60 Giây Official,2024-08-03,1198,25,29946,1280,720
L21_V005,GT5KeMmD5Sw,https://www.youtube.com/watch?v=GT5KeMmD5Sw,60 Giây Sáng - Ngày 05082024 - HTV Tin Tức Mới Nhất 2024,60 Giây Official,2024-08-05,943,30,28294,1280,720
L21_V006,HphV3ZNfA5A,https://www.youtube.com/watch?v=HphV3ZNfA5A,60 Giây Sáng - Ngày 06082024 - HTV Tin Tức Mới Nhất 2024,60 Giây Official,2024-08-06,1036,30,31064,1280,720
L21_V007,XGkqs8JOkUE,https://www.youtube.com/watch?v=XGkqs8JOkUE,60 Giây Sáng - Ngày 07082024 - HTV Tin Tức Mới Nhất 2024,60 Giây Official,2024-08-07,842,30,25254,1280,720
L21_V008,VfiS267Cq8Q,https://www.youtube.com/watch?v=VfiS267Cq8Q,60 Giây Sáng - Ngày 08082024 - HTV Tin Tức Mới Nhất 2024,60 Giây Official,2024-08-08,1349,25,33726,1280,720
L21_V009,jRmRk5Fhfnk,https://www.youtube.com/watch?v=jRmRk5Fhfnk,60 Giây Sáng - Ngày 09082024 - HTV Tin Tức Mới Nhất 2024,60 Giây Official,2024-08-09,1160,25,28988,1280,720
L21_V010,JafrhS13ukg,https://www.youtube.com/watch?v=JafrhS13ukg,60 Giây Sáng - Ngày 10082024 - HTV Tin Tức Mới Nhất 2024,60 Giây Official,2024-08-10,1133,25,28311,1280,720
L21_V011,uQuY24hJrqQ,https://www.youtube.com/watch?v=uQuY24hJrqQ,60 Giây Sáng - Ngày 11082024 - HTV Tin Tức Mới Nhất 2024,60 Giây Official,2024-08-11,1005,25,25122,1280,720
L21_V012,cwMcSunEakw,https://www.youtube.com/watch?v=cwMcSunEakw,60 Giây Sáng - Ngày 12082024 - HTV Tin Tức Mới Nhất 2024,60 Giây Official,2024-08-12,932,30,27972,1280,720
L21_V013,uBi2IfecQ1U,https://www.youtube.com/watch?v=uBi2IfecQ1U,60 Giây Sáng - Ngày 13082024 - HTV Tin Tức Mới Nhất 2024,60 Giây Official,2024-08-13,1127,30,33805,1280,720
L21_V014,wL_-KhpMU7I,https://www.youtube.com/watch?v=wL_-KhpMU7I,60 Giây Sáng - Ngày 14082024 - HTV Tin Tức Mới Nhất 2024,60 Giây Official,2024-08-14,1117,30,33511,1280,720
L21_V015,4MADNqa2Ihw,https://www.youtube.com/watch?v=4MADNqa2Ihw,60 Giây Sáng - Ngày 15082024 - HTV Tin Tức Mới Nhất 2024,60 Giây Official,2024-08-15,1304,30,39117,1280,720
L21_V016,m513jMSeLds,https://www.youtube.com/watch?v=m513jMSeLds,60 Giây Sáng - Ngày 16082024 - HTV Tin Tức Mới Nhất 2024,60 Giây Official,2024-08-16,1055,30,31633,1280,720
L21_V017,LT--fELSd9s,https://www.youtube.com/watch?v=LT--fELSd9s,60 Giây Sáng - Ngày 17082024 - HTV Tin Tức Mới Nhất 2024,60 Giây Official,2024-08-17,950,25,23751,1280,720
L21_V018,1tKajOFGqSQ,https://www.youtube.com/watch?v=1tKajOFGqSQ,60 Giây Sáng - Ngày 18082024 - HTV Tin Tức Mới Nhất 2024,60 Giây Official,2024-08-18,1144,25,28599,1280,720
L21_V019,vipckUPsGpg,https://www.youtube.com/watch?v=vipckUPsGpg,60 Giây Sáng - Ngày 19082024 - HTV Tin Tức Mới Nhất 2024,60 Giây Official,2024-08-19,1101,30,33027,1280,720
L21_V021,hTTaBTWWipY,https://www.youtube.com/watch?v=hTTaBTWWipY,60 Giây Sáng - Ngày 21082024 - HTV Tin Tức Mới Nhất 2024,60 Giây Official,2024-08-21,1030,30,30906,1280,720
L21_V022,RC2t4XXAFfE,https://www.youtube.com/watch?v=RC2t4XXAFfE,60 Giây Sáng - Ngày 22082024 - HTV Tin Tức Mới Nhất 2024,60 Giây Official,2024-08-22,978,30,29325,1280,720
L21_V023,lIIsVPGK6uo,https://www.youtube.com/watch?v=lIIsVPGK6uo,60 Giây Sáng - Ngày 23082024 - HTV Tin Tức Mới Nhất 2024,60 Giây Official,2024-08-23,1180,30,35391,1280,720
L21_V024,wgPPoa7OcmE,https://www.youtube.com/watch?v=wgPPoa7OcmE,60 Giây Sáng - Ngày 24082024 - HTV Tin Tức Mới Nhất 2024,60 Giây Official,2024-08-24,1202,25,30045,1280,720
L21_V025,-YKaIUk1T0U,https://www.youtube.com/watch?v=-YKaIUk1T0U,60 Giây Sáng - Ngày 25082024 - HTV Tin Tức Mới Nhất 2024,60 Giây Official,2024-08-25,1180,25,29495,1280,720
L21_V026,pj1VkEuMYM4,https://www.youtube.com/watch?v=pj1VkEuMYM4,60 Giây Sáng - Ngày 26082024 - HTV Tin Tức Mới Nhất 2024,60 Giây Official,2024-08-26,1152,30,34546,1280,720
L21_V027,XjYeGkh1ZSg,https://www.youtube.com/watch?v=XjYeGkh1ZSg,60 Giây Sáng - Ngày 27082024 - HTV Tin Tức Mới Nhất 2024,60 Giây Official,2024-08-27,1160,30,34804,1280,720
L21_V028,YiF5LpNRak4,https://www.youtube.com/watch?v=YiF5LpNRak4,60 Giây Sáng - Ngày 28082024 - HTV Tin Tức Mới Nhất 2024,60 Giây Official,2024-08-28,1019,30,30576,1280,720
L21_V029,dlpQXX_hYxk,https://www.youtube.com/watch?v=dlpQXX_hYxk,60 Giây Sáng - Ngày 29082024 - HTV Tin Tức Mới Nhất 2024,60 Giây Official,2024-08-29,1156,30,34689,1280,720
L21_V030,5HtjWheNDPM,https://www.youtube.com/watch?v=5HtjWheNDPM,60 Giây Sáng - Ngày 30082024 - HTV Tin Tức Mới Nhất 2024,60 Giây Official,2024-08-30,1060,30,31801,1280,720
L21_V031,fjL7m7SAoLA,https://www.youtube.com/watch?v=fjL7m7SAoLA,60 Giây Sáng - Ngày 31082024 - HTV Tin Tức Mới Nhất 2024,60 Giây Official,2024-08-31,1101,25,27528,1280,720
L22_V001,GZdi9xpiItU,https://www.youtube.com/watch?v=GZdi9xpiItU,60 Giây Chiều - Ngày 01082024 - HTV Tin Tức Mới Nhất 2024,60 Giây Official,2024-08-02,1163,30,34901,1280,720
L22_V002,tIiV66LvrZg,https://www.youtube.com/watch?v=tIiV66LvrZg,60 Giây Chiều - Ngày 02082024 - HTV Tin Tức Mới Nhất 2024,60 Giây Official,2024-08-03,1187,25,29681,1280,720
L22_V003,aJJUkV1L_Cw,https://www.youtube.com/watch?v=aJJUkV1L_Cw,60 Giây Chiều - Ngày 03082024 - HTV Tin Tức Mới Nhất 2024,60 Giây Official,2024-08-04,1225,25,30626,1280,720
L22_V004,1KESxskpr4g,https://www.youtube.com/watch?v=1KESxskpr4g,60 Giây Chiều - Ngày 04082024 - HTV Tin Tức Mới Nhất 2024,60 Giây Official,2024-08-05,1304,30,39128,1280,720
L22_V005,1YDOImIQJ-U,https://www.youtube.com/watch?v=1YDOImIQJ-U,60 Giây Chiều - Ngày 05082024 - HTV Tin Tức Mới Nhất 2024,60 Giây Official,2024-08-06,1041,30,31218,1280,720
L22_V006,VE8zB4YjGw4,https://www.youtube.com/watch?v=VE8zB4YjGw4,60 Giây Chiều - Ngày 06082024 - HTV Tin Tức Mới Nhất 2024,60 Giây Official,2024-08-07,1287,30,38606,1280,720
L22_V007,Oz4rR9DZreg,https://www.youtube.com/watch?v=Oz4rR9DZreg,60 Giây Chiều - Ngày 07082024 - HTV Tin Tức Mới Nhất 2024,60 Giây Official,2024-08-08,1201,25,30032,1280,720
L22_V008,DU9TutI7xnU,https://www.youtube.com/watch?v=DU9TutI7xnU,60 Giây Chiều - Ngày 08082024 - HTV Tin Tức Mới Nhất 2024,60 Giây Official,2024-08-09,1096,25,27393,1280,720
L22_V009,Six0zgQNSNI,https://www.youtube.com/watch?v=Six0zgQNSNI,60 Giây Chiều - Ngày 09082024 - HTV Tin Tức Mới Nhất 2024,60 Giây Official,2024-08-10,1077,25,26927,1280,720
L22_V010,TWcfxEOHxYk,https://www.youtube.com/watch?v=TWcfxEOHxYk,60 Giây Chiều - Ngày 10082024 - HTV Tin Tức Mới Nhất 2024,60 Giây Official,2024-08-11,1091,25,27276,1280,720
L22_V011,6puiLImJz6c,https://www.youtube.com/watch?v=6puiLImJz6c,60 Giây Chiều - Ngày 11082024 - HTV Tin Tức Mới Nhất 2024,60 Giây Official,2024-08-12,1096,30,32881,1280,720
L22_V012,CpLUbAWRtEc,https://www.youtube.com/watch?v=CpLUbAWRtEc,60 Giây Chiều - Ngày 12082024 - HTV Tin Tức Mới Nhất 2024,60 Giây Official,2024-08-13,1205,30,36143,1280,720
L22_V013,RCCBx1TjnvQ,https://www.youtube.com/watch?v=RCCBx1TjnvQ,60 Giây Chiều - Ngày 13082024 - HTV Tin Tức Mới Nhất 2024,60 Giây Official,2024-08-14,1267,30,38015,1280,720
L22_V014,LUKnehqHaCI,https://www.youtube.com/watch?v=LUKnehqHaCI,60 Giây Chiều - Ngày 14082024 - HTV Tin Tức Mới Nhất 2024,60 Giây Official,2024-08-15,1139,30,34157,1280,720
L22_V015,_RBnR5oex_8,https://www.youtube.com/watch?v=_RBnR5oex_8,60 Giây Chiều - Ngày 15082024 - HTV Tin Tức Mới Nhất 2024,60 Giây Official,2024-08-16,1308,30,39244,1280,720
L22_V016,nE-KgYA_OWk,https://www.youtube.com/watch?v=nE-KgYA_OWk,60 Giây Chiều - Ngày 16082024 - HTV Tin Tức Mới Nhất 2024,60 Giây Official,2024-08-17,1437,25,35920,1280,720
L22_V017,t00BJlaDZwI,https://www.youtube.com/watch?v=t00BJlaDZwI,60 Giây Chiều - Ngày 17082024 - HTV Tin Tức Mới Nhất 2024,60 Giây Official,2024-08-18,1103,25,27579,1280,720
L22_V018,YfF-qad2zIU,https://www.youtube.com/watch?v=YfF-qad2zIU,60 Giây Chiều - Ngày 18082024 - HTV Tin Tức Mới Nhất 2024,60 Giây Official,2024-08-19,1377,30,41309,1280,720
L22_V019,cncdOlbRN6k,https://www.youtube.com/watch?v=cncdOlbRN6k,60 Giây Chiều - Ngày 19082024 - HTV Tin Tức Mới Nhất 2024,60 Giây Official,2024-08-20,1034,30,31019,1280,720
L22_V020,60qHcTBp6VY,https://www.youtube.com/watch?v=60qHcTBp6VY,60 Giây Chiều - Ngày 20082024 - HTV Tin Tức Mới Nhất 2024,60 Giây Official,2024-08-21,1299,30,38981,1280,720
L22_V021,1feJrcoo5Rk,https://www.youtube.com/watch?v=1feJrcoo5Rk,60 Giây Chiều - Ngày 21082024 - HTV Tin Tức Mới Nhất 2024,60 Giây Official,2024-08-22,1271,30,38124,1280,720
L22_V022,s11qoPYYbKA,https://www.youtube.com/watch?v=s11qoPYYbKA,60 Giây Chiều - Ngày 22082024 - HTV Tin Tức Mới Nhất 2024,60 Giây Official,2024-08-23,1138,30,34149,1280,720
L22_V023,gkFo9B1NhOc,https://www.youtube.com/watch?v=gkFo9B1NhOc,60 Giây Chiều - Ngày 23082024 - HTV Tin Tức Mới Nhất 2024,60 Giây Official,2024-08-24,1243,25,31066,1280,720
L22_V024,TE5ED6iwn9g,https://www.youtube.com/watch?v=TE5ED6iwn9g,60 Giây Chiều - Ngày 24082024 - HTV Tin Tức Mới Nhất 2024,60 Giây Official,2024-08-25,1268,25,31705,1280,720
L22_V025,p6h043fMCUA,https://www.youtube.com/watch?v=p6h043fMCUA,60 Giây Chiều - Ngày 25082024 - HTV Tin Tức Mới Nhất 2024,60 Giây Official,2024-08-26,1129,30,33875,1280,720
L22_V026,eJ7gQYMrrWs,https://www.youtube.com/watch?v=eJ7gQYMrrWs,60 Giây Chiều - Ngày 26082024 - HTV Tin Tức Mới Nhất 2024,60 Giây Official,2024-08-27,1136,30,34064,1280,720
L22_V027,VY7KrHcJmzg,https://www.youtube.com/watch?v=VY7KrHcJmzg,60 Giây Chiều - Ngày 27082024 - HTV Tin Tức Mới Nhất 2024,60 Giây Official,2024-08-28,1107,30,33200,1280,720
L22_V028,mjy8h-iT-ms,https://www.youtube.com/watch?v=mjy8h-iT-ms,60 Giây Chiều - Ngày 28082024 - HTV Tin Tức Mới Nhất 2024,60 Giây Official,2024-08-29,1115,30,33445,1280,720
L22_V029,8bsmllSKjjQ,https://www.youtube.com/watch?v=8bsmllSKjjQ,60 Giây Chiều - Ngày 29082024 - HTV Tin Tức Mới Nhất 2024,60 Giây Official,2024-08-30,1056,30,31679,1280,720
L22_V030,MusUd666cwE,https://www.youtube.com/watch?v=MusUd666cwE,60 Giây Chiều - Ngày 30082024 - HTV Tin Tức Mới Nhất 2024,60 Giây Official,2024-08-31,1118,25,27945,1280,720
L22_V031,rhRq9JBtpWY,https://www.youtube.com/watch?v=rhRq9JBtpWY,60 Giây Chiều - Ngày 31082024 - HTV Tin Tức Mới Nhất 2024,60 Giây Official,2024-09-01,1190,25,29754,1280,720
L23_V001,3oVaFPFt9vI,https://www.youtube.com/watch?v=3oVaFPFt9vI,DIỄN BIẾN VÒNG ĐUA CUỐI CÙNG - CHẶNG 1 CÚP TRUYỀN HÌNH 2024 RIKUNOV CHIẾN THẮNG TẠI MÉT CUỐI CÙNG,HTV Sports,2024-04-02,176,25,4399,1280,720
L23_V002,6J0loXv8wJw,https://www.youtube.com/watch?v=6J0loXv8wJw,RIKUNOV QUÁ MẠNH MẼ Ở NHỮNG MÉT CUỐI DIỄN BIẾN NHỮNG VÒNG ĐUA CUỐI - CHẶNG 2 CÚP TRUYỀN HÌNH 2024,HTV Sports,2024-04-03,436,25,10887,1280,720
L23_V003,Btr8jXBzZXE,https://www.youtube.com/watch?v=Btr8jXBzZXE,🔥🔥 QUÁ KHỦNG KHIẾP VỚI CÚ HATTRICK CỦA ANH LONG - PETR RIKUNOV DIỄN BIẾN NHỮNG VÒNG ĐUA CUỐI,HTV Sports,2024-04-04,310,25,7758,1280,720
L23_V004,FYpPfAIjWPs,https://www.youtube.com/watch?v=FYpPfAIjWPs,MARTIN LAAS MANG VỀ CHIẾN THẮNG CHẶNG ĐẦU TIÊN CHO VĨNH LONG DIỄN BIẾN NHỮNG KM CUỐI CHẶNG 4,HTV Sports,2024-04-05,397,25,9931,1280,720
L23_V005,WD9qm6XOPTA,https://www.youtube.com/watch?v=WD9qm6XOPTA,DIỄN BIẾN VÒNG ĐUA CUỐI CÙNG - CHẶNG 5 VÒNG ĐUA HỒ HOÀN KIẾM CÚP TRUYỀN HÌNH TP.HCM 2024,HTV Sports,2024-04-06,243,25,6067,1280,720
L23_V006,q0lRq2DkCc8,https://www.youtube.com/watch?v=q0lRq2DkCc8,ANH LONG RIKUNOV TRỞ LẠI ĐẦY MẠNH MẼ ĐỂ GIÀNH CHIẾN THẮNG CHẶNG LẦN 4 DIỄN BIẾN NHỮNG KM CUỐI,HTV Sports,2024-04-07,357,25,8926,1280,720
L23_V007,fnFwv6pOkyA,https://www.youtube.com/watch?v=fnFwv6pOkyA,TẬP ĐOÀN LỘC TRỜI AN GIANG XUẤT SẮC GIÀNH CHIẾN THẮNG ĐỒNG ĐỘI TÍNH GIỜ CÚP TRUYỀN HÌNH TPHCM 2024,HTV Sports,2024-04-09,395,25,9869,1280,720
L23_V008,bpTRldeMipQ,https://www.youtube.com/watch?v=bpTRldeMipQ,MARTIN LAAS XUẤT SẮC CÓ CHIẾN THẮNG CHẶNG LẦN THỨ 2 CHO VĨNH LONG CHẶNG 8 TP. SẦM SƠN - TP. VINH,HTV Sports,2024-04-10,247,25,6166,1280,720
L23_V009,rkNjXQOanI0,https://www.youtube.com/watch?v=rkNjXQOanI0,KHỦNG LONG RIKUNOV KHẲNG ĐỊNH SỨC MẠNH TRƯỚC ĐỐI THỦ MARTIN LAAS DIỄN BIẾN NHỮNG KM CUỐI CHẶNG 9,HTV Sports,2024-04-11,314,25,7846,1280,720
L23_V010,GQgS2AQurD4,https://www.youtube.com/watch?v=GQgS2AQurD4,MARTIN LAAS XUẤT SẮC GIÀNH CHIẾN THẮNG CHẶNG LẦN 3 DIỄN BIẾN NHỮNG KM CUỐI CÙNG CHẶNG 10 TẠI HUẾ,HTV Sports,2024-04-13,312,25,7800,1280,720
L23_V011,bjsc2VpUQE0,https://www.youtube.com/watch?v=bjsc2VpUQE0,MARTIN LAAS TIẾP TỤC LẤY CHIẾN THẮNG CHẶNG LẦN THỨ 4 Diễn biến những km cuối cùng Chặng 11,HTV Sports,2024-04-13,405,25,10123,1280,720
L23_V012,NbBziotw1IA,https://www.youtube.com/watch?v=NbBziotw1IA,ANH LONG - RIKUNOV LẠI KHẲNG ĐỊNH SỨC MẠNH TẠI TP. ĐÀ NẴNG DIỄN BIẾN NHỮNG KM CUỐI CÙNG CHẶNG 12,HTV Sports,2024-04-14,417,25,10425,1280,720
L23_V013,QzJpVmt19cA,https://www.youtube.com/watch?v=QzJpVmt19cA,MARTIN LAAS XUẤT SẮC GIÀNH THÊM 1 CHIẾN THẮNG CHẶNG TẠI TP TAM KỲ DIỄN BIẾN NHỮNG KM CUỐI CHẶNG 13,HTV Sports,2024-04-16,371,25,9286,1280,720
L23_V014,qTtuy9jWMPY,https://www.youtube.com/watch?v=qTtuy9jWMPY,HẤP DẪN CHO ĐẾN NHỮNG MÉT CUỐI CÙNG - CHÚC MỪNG TRẦN TUẤN KIỆT CÓ THẮNG CHẶNG LẦN 2,HTV Sports,2024-04-18,320,25,8003,1280,720
L23_V015,6dJAWIYPpYs,https://www.youtube.com/watch?v=6dJAWIYPpYs,LỜI KHẲNG ĐỊNH ĐẦY MẠNH MẼ TỪ ANH LONG - RIKUNOV DIỄN BIẾN NHỮNG KM CUỐI CHẶNG 15,HTV Sports,2024-04-18,370,25,9254,1280,720
L23_V016,AxrWuYGHZ7U,https://www.youtube.com/watch?v=AxrWuYGHZ7U,NỖ LỰC TUYỆT VỜI CỦA LÊ NGUYỆT MINH - GIÚP TP.HCM NEW GROUP CÓ CHIẾN THẮNG CHẶNG ĐẦU TIÊN,HTV Sports,2024-04-19,336,25,8409,1280,720
L23_V017,tzvLHlMcNFI,https://www.youtube.com/watch?v=tzvLHlMcNFI,CHÚC MỪNG SAVVA NOVIKOV CÓ CHIẾN THẮNG CHẶNG ĐẦU TIÊN RẤT XUẤT SẮC DIỄN BIẾN KM CUỐI CHẶNG 17,HTV Sports,2024-04-20,318,25,7947,1280,720
L23_V018,wCWJOKPj6i0,https://www.youtube.com/watch?v=wCWJOKPj6i0,MARTIN LAAS KHẲNG ĐỊNH SỨC MẠNH LẦN NỮA TẠI VÒNG ĐUA HỒ XUÂN HƯƠNG - ĐÀ LẠT DIỄN BIẾN NHỮNG KM CUỐI,HTV Sports,2024-04-21,508,25,12698,1280,720
L23_V019,I46KHfjIPQk,https://www.youtube.com/watch?v=I46KHfjIPQk,NÓI GÌ NỮA VỀ SỰ XUẤT SẮC CỦA ANH LONG - PETR RIKUNOV ĐÂY QUÝ VỊ ! DIỄN BIẾN NHỮNG KM CUỐI CÙNG,HTV Sports,2024-04-23,541,25,13531,1280,720
L23_V020,kmU6jBK9H54,https://www.youtube.com/watch?v=kmU6jBK9H54,NGUYỄN VĂN NHÃ CÓ CHIẾN THẮNG CHẶNG ĐẦU TIÊN RẤT TUYỆT VỜI ! DIỄN BIẾN NHỮNG KM CUỐI CHẶNG 20,HTV Sports,2024-04-24,385,25,9631,1280,720
L23_V021,Iupvfa7uLyw,https://www.youtube.com/watch?v=Iupvfa7uLyw,Rikunov cùng Martin Laas tiếp tục so kè khẳng định sức mạnh tại đích đến Mỹ Tho (Tiền Giang),HTV Sports,2024-04-25,544,25,13595,1280,720
L23_V022,A4GVOdnoIDU,https://www.youtube.com/watch?v=A4GVOdnoIDU,MARTIN LAAS CÓ THÊM CHIẾN THẮNG CHẶNG ĐẦY NẮNG NÓNG TẠI TP. CẦN THƠ DIỄN BIẾN NHỮNG KM CUỐI C22,HTV Sports,2024-04-27,365,25,9118,1280,720
L23_V023,5RJWBk50rRo,https://www.youtube.com/watch?v=5RJWBk50rRo,NẮNG NÓNG CỠ NÀO ĐỂ CẢN BƯỚC ANH LONG - PETR RIKUNOV TẠI QUÊ NHÀ AN GIANG CTH TPHCM 2024,HTV Sports,2024-04-27,395,25,9884,1280,720
L23_V024,1kLJ8ynvRsY,https://www.youtube.com/watch?v=1kLJ8ynvRsY,🎉🎉 CHÚC MỪNG TRẦN TUẤN KIỆT - ĐỨA CON CỦA ĐỒNG THÁP CÓ CHIẾN THẮNG CHẶNG ĐẦY CẢM XÚC TẠI QUÊ NHÀ ❤,HTV Sports,2024-04-28,400,25,9988,1280,720
L23_V025,TwCnb13Y7no,https://www.youtube.com/watch?v=TwCnb13Y7no,CHÚC MỪNG MARTIN LAAS CÓ CHIẾN THẮNG CHẶNG ĐẦY NGOẠN MỤC TẠI QUẢNG TRƯỜNG THỐNG NHẤT VÀO TRƯA 3004,HTV Sports,2024-04-30,860,25,21504,1280,720
L24_V002,W0yPC1ytRj8,https://www.youtube.com/watch?v=W0yPC1ytRj8,Màn trình diễn xứng danh Bộ đội cụ Hồ đội Tinh Anh Đường - Quận 5 Lân Sư Rồng Cúp Chợ Lớn - HTV,HTV Sports,2024-01-12,703,25,17573,1280,720
L24_V003,bXMhsn050N4,https://www.youtube.com/watch?v=bXMhsn050N4,Đoàn Nam Hoa - Lạc Long Quân diệt ngư tinh Múa Rồng truyền thống Cúp Chợ Lớn - HTV 2024,HTV Sports,2024-01-12,763,25,19078,1280,720
L24_V004,rCw_cJVKuXU,https://www.youtube.com/watch?v=rCw_cJVKuXU,Vươn cao con Rồng Đất Việt - Hải Nam Liên Hữu Múa rồng truyền thống Cúp Chợ Lớn - HTV 2024,HTV Sports,2024-01-12,936,25,23406,1280,720
L24_V005,6hvzIEeylqY,https://www.youtube.com/watch?v=6hvzIEeylqY,Nam Sư Vượt Thiên Cấm hái thuốc về trị bệnh cho dân làng Đoàn Lân Hưng Sủi – Sóc Trăng,HTV Sports,2024-01-13,625,25,15629,1280,720
L24_V006,WHsQgL962oY,https://www.youtube.com/watch?v=WHsQgL962oY,Nam Sư Oai Dũng Vượt Tam Sơn Hái Linh Chi Đoàn Lân Oai Dũng Đường Q6 – TPHCM Cúp Chợ Lớn - HTV,HTV Sports,2024-01-13,569,25,14218,1280,720
L24_V007,JVIr6RtExPg,https://www.youtube.com/watch?v=JVIr6RtExPg,Nam Sư Thông Thiên Đại Náo Đào Viên Đoàn Lân Trung Liên Đường – Đồng Nai Cúp Chợ Lớn - HTV 2024,HTV Sports,2024-01-13,570,25,14260,1280,720
L24_V008,w8L5bDbC9yo,https://www.youtube.com/watch?v=w8L5bDbC9yo,Kim Sư Du Hí Giúp Tiểu Kê Đoàn Lân Huỳnh Lân Đường - Đồng Nai Cúp Chợ Lớn - HTV 2024,HTV Sports,2024-01-13,562,25,14051,1280,720
L24_V009,QzeUHVoIBN8,https://www.youtube.com/watch?v=QzeUHVoIBN8,"Kim Lân Thượng Sơn Hái Linh Chi Đoàn Lân Huỳnh Kim Lân, Thủ Đức – TPHCM Cúp Chợ Lớn - HTV 2024",HTV Sports,2024-01-13,517,25,12935,1280,720
L24_V010,UhbihgZrtJI,https://www.youtube.com/watch?v=UhbihgZrtJI,Nam Sự Vượt Trường Sơn Hái Linh Chi Đoàn Lân Bảo Hân Đường – Đồng Nai Cúp Chợ Lớn - HTV 2024,HTV Sports,2024-01-13,469,25,11717,1280,720
L24_V011,Q1YCXZ4bS0Q,https://www.youtube.com/watch?v=Q1YCXZ4bS0Q,Ăn Linh Chi Hái Bông Hoa tưởng nhớ anh hùng Nguyễn Trung Trực Đình Nguyễn Trung Trực – Kiên Giang,HTV Sports,2024-01-13,650,25,16236,1280,720
L24_V012,Hi1GqK7fop8,https://www.youtube.com/watch?v=Hi1GqK7fop8,"ĐÓN CHỜ NHÂN VẬT BÍ ẨN? Khán giả ơi, hôm nay là ngày cuối cùng của giải đấu Cúp Chợ lớn HTV 2024",HTV Sports,2024-01-13,97,25,2429,1280,720
L24_V013,uRq1WNxJfqw,https://www.youtube.com/watch?v=uRq1WNxJfqw,Hồng Sư Vượt Trường Sơn Hái Linh Chi Đoàn Lân Minh Hào Đường - Quận 5 Cúp Chợ Lớn - HTV 2024,HTV Sports,2024-01-13,522,25,13053,1280,720
L24_V014,UHo6ZQgGPQA,https://www.youtube.com/watch?v=UHo6ZQgGPQA,Nam Sư Lên Tàu Tháo Neo Giúp Dân Đốt Tàu Chống Giặc Đoàn Lân Tình Nghĩa – Kiên Giang Cúp Chợ Lớn,HTV Sports,2024-01-13,526,25,13141,1280,720
L24_V015,xXi9CeI7tXI,https://www.youtube.com/watch?v=xXi9CeI7tXI,"Nam Sư Đằng Sơn bái Thần Long, thỉnh gươm thần Đoàn Lân Nam Hoa – Bình Thuận Cúp Chợ Lớn - HTV",HTV Sports,2024-01-14,597,25,14927,1280,720
L24_V016,B8IK8eEDIWw,https://www.youtube.com/watch?v=B8IK8eEDIWw,Mãnh Hổ Du Sơn ăn Linh Chi Hồi Long Châu Đoàn Hải Nam Liên Hữu Q5 – TPHCM Cúp Chợ Lớn - HTV 2024,HTV Sports,2024-01-14,564,25,14086,1280,720
L24_V017,6kfXCVJRRtU,https://www.youtube.com/watch?v=6kfXCVJRRtU,Ấn tượng với Lân lên Mai Hoa Thung tại Cúp Chợ Lớn - HTV 2024 Thể Thao 365 HTV Thể Thao,HTV Sports,2024-01-15,115,30,3441,1280,720
L24_V018,sPA1G6L7C5E,https://www.youtube.com/watch?v=sPA1G6L7C5E,Chú Lân lên núi giúp người dân lấy củi về nung gạch Tân Dương - Vĩnh Long Cúp Chợ Lớn - HTV 2024,HTV Sports,2024-01-15,660,25,16492,1280,720
L24_V019,bYbi_sE3o1M,https://www.youtube.com/watch?v=bYbi_sE3o1M,Nam Sư giúp Mai An Tiêm mang dưa hấu về dâng Vua Hùng Đoàn Lân Lâm Vũ - Tây Ninh Cúp Chợ Lớn HTV,HTV Sports,2024-01-15,520,30,15610,1280,720
L24_V020,OM123EoSATk,https://www.youtube.com/watch?v=OM123EoSATk,Chú Lân Dũng Cảm Vượt Trường Sơn Hái Linh Chi Đoàn Lân Phúc Tâm - Đồng Nai Cúp Chợ Lớn - HTV 2024,HTV Sports,2024-01-15,497,30,14916,1280,720
L24_V021,6xfbfbPJFBE,https://www.youtube.com/watch?v=6xfbfbPJFBE,Nam Sư Vượt Quan Sơn Mang Hương Sen Về Kính Dâng Lên Lăng Bác Đoàn Lân Tứ Kỳ - Hà Nội,HTV Sports,2024-01-15,567,30,17013,1280,720
L24_V022,uMgomPdFdMY,https://www.youtube.com/watch?v=uMgomPdFdMY,Nam Sư Vượt Núi Hái Chuối Về Cho Hầu Tôn Hiền Dũng Đường - Bình Dương Cúp Chợ Lớn - HTV 2024,HTV Sports,2024-01-16,591,30,17717,1280,720
L24_V023,b4M0rNuddJs,https://www.youtube.com/watch?v=b4M0rNuddJs,Nam Sư Vượt Trường Sơn Hái Linh Chi Đoàn Lân Tân Hoa Đường - Vĩnh Long Cúp Chợ Lớn - HTV 2024,HTV Sports,2024-01-16,605,30,18137,1280,720
L24_V024,0OCZPsT8f9c,https://www.youtube.com/watch?v=0OCZPsT8f9c,Oai Triển Thần Phong Hiển Tinh Sư Đoàn Lân Ngọc Long - Bình Định Cúp Chợ Lớn - HTV 2024,HTV Sports,2024-01-16,564,30,16922,1280,720
L24_V025,qSgorxzpt4A,https://www.youtube.com/watch?v=qSgorxzpt4A,Nam Sư Vượt Trường Sơn Hái Thảo Linh Chi Đoàn Huỳnh Phúc Đường - Thủ Đức Cúp Chợ Lớn - HTV 2024,HTV Sports,2024-01-16,562,30,16872,1280,720
L24_V026,l-fEJmuv3o0,https://www.youtube.com/watch?v=l-fEJmuv3o0,Nam Sư Vượt Trường Sơn Hái Linh Chi Đoàn Lân Duyên Hải Đường - Cần Giờ Cúp Chợ Lớn - HTV 2024,HTV Sports,2024-01-16,570,25,14245,1280,720
L24_V027,h1L8PnpVdqE,https://www.youtube.com/watch?v=h1L8PnpVdqE,"Nam Sư Thưởng Ngoạn Hoa Quả Sơn Đoàn Lân Hào Dũng Đường - Quận 5, TPHCM Cúp Chợ Lớn - HTV 2024",HTV Sports,2024-01-16,569,30,17056,1280,720
L24_V028,VMCs9vCjzk0,https://www.youtube.com/watch?v=VMCs9vCjzk0,Kim Sư Đằng Sơn Diệt Xà Tinh Thực Linh Chi Phương Tế Đường - Q.Bình Tân Cúp Chợ Lớn - HTV 2024,HTV Sports,2024-01-16,569,30,17072,1280,720
L24_V029,Aaw_XBYTHHA,https://www.youtube.com/watch?v=Aaw_XBYTHHA,Hắc Lân Vượt Trường Sơn Hái Linh Chi Đoàn Lân Quang Nghệ - Bình Dương Cúp Chợ Lớn - HTV 2024,HTV Sports,2024-01-16,554,30,16633,1280,720
L24_V030,m_DoFMnmEm0,https://www.youtube.com/watch?v=m_DoFMnmEm0,Hùng Sư Ngao Du Địa Phủ Thỉnh Ô Phò Chung Gia Gia Đoàn Lân Kiến Nghĩa - Đồng Tháp,HTV Sports,2024-01-16,645,30,19352,1280,720
L24_V031,om1ZFhVCZU4,https://www.youtube.com/watch?v=om1ZFhVCZU4,"NHÀ VÔ ĐỊCH CÚP CHỢ LỚN - HTV 2024 TINH ANH ĐƯỜNG - QUẬN 5, TPHCM LÂN MAI HOA THUNG HTV THỂ THAO",HTV Sports,2024-01-16,569,30,17069,1280,720
L24_V032,6tnkbqUTPaI,https://www.youtube.com/watch?v=6tnkbqUTPaI,"Mãnh Sư Vượt Kim Sơn Hái Lộc Vàng Chung Huy Đường - Q.Tân Bình, TPHCM Cúp Chợ Lớn - HTV 2024",HTV Sports,2024-01-16,716,25,17895,1280,720
L24_V033,bLlFbUC5K1I,https://www.youtube.com/watch?v=bLlFbUC5K1I,"Nam Sư Vượt Long Thiên Môn Đoạt Long Châu Dâng Long Thiên Đoàn Lân Hải Nam Tinh Võ - Quận 8, TPHCM",HTV Sports,2024-01-16,587,30,17596,1280,720
L24_V035,IvLN1-7TmfE,https://www.youtube.com/watch?v=IvLN1-7TmfE,Nam Sư Du Hí Ăn Bông Bí Đoàn Lân Hào Nhựt – Vĩnh Long Cúp Chợ Lớn - HTV 2024,HTV Sports,2024-01-17,662,30,19851,1280,720
L24_V036,JOGwqn0qom0,https://www.youtube.com/watch?v=JOGwqn0qom0,Đoàn Lân Miếu Bảy Bà - An Giang Cúp Chợ Lớn - HTV 2024,HTV Sports,2024-01-17,294,30,8811,1280,720
L24_V037,R_Lhe_HONSE,https://www.youtube.com/watch?v=R_Lhe_HONSE,Nam Sư Vượt Núi tìm Kim Linh Châu cứu dân độ thế Đoàn Lân Tam Hòa Đường - Đồng Nai,HTV Sports,2024-01-17,639,30,19164,1280,720
L24_V038,KkjGOZv7gjA,https://www.youtube.com/watch?v=KkjGOZv7gjA,Khải Sự Phi Đằng triển Hùng Uy Đoàn Lân Khải Uy Quan Thánh Cung - Quận 11 Cúp Chợ Lớn - HTV 2024,HTV Sports,2024-01-17,508,30,15240,1280,720
L24_V039,FGSj99AsW98,https://www.youtube.com/watch?v=FGSj99AsW98,Mãnh Sư Vượt Thác Hái Linh Chi Đoàn Lân Phước Anh Đường – Bình Dương Cúp Chợ Lớn - HTV 2024,HTV Sports,2024-01-17,520,30,15600,1280,720
L24_V040,DrmEiRAjBy8,https://www.youtube.com/watch?v=DrmEiRAjBy8,#lânsưrồng #maihoathung #htvthethao #htvsports #xuhuong,HTV Sports,2024-01-22,38,30,1132,720,1280
L24_V041,OilJpzlSZpQ,https://www.youtube.com/watch?v=OilJpzlSZpQ,Nhảy này dữ ta 😍😍 #lansurong #htvthethao #htvc #htv #htvsports #cholon,HTV Sports,2024-01-22,36,30,1073,720,1280
L24_V042,23dowUaEMns,https://www.youtube.com/watch?v=23dowUaEMns,Đường Tăng Giải Cứu Mỹ Hầu Vương Đoàn Lân Hội Quán Nghĩa An - Quận 5 Cúp Chợ Lớn - HTV 2024,HTV Sports,2024-01-16,556,30,16690,1280,720
L24_V043,lwJFlRCuCjc,https://www.youtube.com/watch?v=lwJFlRCuCjc,Nam Sư vượt Trường Sơn hái liên hoa dâng thần Hoàng Nguyễn Hữu Cảnh Đình Thần Châu Phú – An Giang,HTV Sports,2024-01-13,688,25,17201,1280,720
L24_V044,0iJStT_4v8I,https://www.youtube.com/watch?v=0iJStT_4v8I,Té ngã thì mình đứng lên mình chơi tiếp...#htvsports #htv #htvthethao #lansurong #cupcholonhtv2024,HTV Sports,2024-01-30,35,13219/500,933,720,1280
L24_V045,BrzF4ZSpR8Y,https://www.youtube.com/watch?v=BrzF4ZSpR8Y,lá la la la là la la lá la la la la.... #htvsports #lansurong #tetgiapthin,HTV Sports,2024-02-01,33,30,975,720,1280
L25_V001,XCraXMz1pY8,https://www.youtube.com/watch?v=XCraXMz1pY8,BÍ QUYẾT ÔN THI THPT 2024 Môn Ngữ văn Chuyên đề 10 Nghị luận văn học Chiếc thuyền ngoài xa,Báo Thanh Niên,2024-06-15,1603,25,40064,1280,720
L25_V002,yLYlXtDDNvc,https://www.youtube.com/watch?v=yLYlXtDDNvc,BÍ QUYẾT ÔN THI THPT 2024 Môn Lịch sử Chuyên đề 10 Sự phát triển các nước TBCN sau CTTG thứ 2,Báo Thanh Niên,2024-06-15,1140,25,28496,1280,720
L25_V003,k3kWCsv_pSA,https://www.youtube.com/watch?v=k3kWCsv_pSA,BÍ QUYẾT ÔN THI THPT 2024 Môn Sinh học Chuyên đề 10 Một số lưu ý về phần sinh học lớp 11,Báo Thanh Niên,2024-06-14,1162,25,29054,1280,720
L25_V004,U_vuOXYVJ_M,https://www.youtube.com/watch?v=U_vuOXYVJ_M,BÍ QUYẾT ÔN THI THPT 2024 Môn Hóa học Chuyên đề 10 Điện phân,Báo Thanh Niên,2024-06-14,998,30000/1001,29912,1280,720
L25_V005,RetISKGBuLE,https://www.youtube.com/watch?v=RetISKGBuLE,BÍ QUYẾT ÔN THI THPT 2024 Môn Vật lý Chuyên đề 10 Hạt nhân nguyên tử,Báo Thanh Niên,2024-06-14,1909,30000/1001,57199,1280,720
L25_V006,Xb0PHwPlW8U,https://www.youtube.com/watch?v=Xb0PHwPlW8U,BÍ QUYẾT ÔN THI THPT 2024 Môn Anh văn Chuyên đề 10 Từ hạn định,Báo Thanh Niên,2024-06-13,1123,25,28063,1280,720
L25_V007,7kvm0E6QNkk,https://www.youtube.com/watch?v=7kvm0E6QNkk,BÍ QUYẾT ÔN THI THPT 2024 Môn Địa lý Chuyên đề 10 Các kỹ năng trong môn địa lý,Báo Thanh Niên,2024-06-13,2735,25,68367,1280,720
L25_V008,xJ87ug_kTls,https://www.youtube.com/watch?v=xJ87ug_kTls,BÍ QUYẾT ÔN THI THPT 2024 Môn Toán Chuyên đề 10 Xác suất,Báo Thanh Niên,2024-06-13,1212,30000/1001,36324,1280,720
L25_V009,xS6ObU8qUfg,https://www.youtube.com/watch?v=xS6ObU8qUfg,BÍ QUYẾT ÔN THI THPT 2024 Môn GDCD Chuyên đề 8 Pháp luật với sự PT của công dân và đất nước,Báo Thanh Niên,2024-06-12,846,25,21141,1280,720
L25_V010,2shnPlmFJts,https://www.youtube.com/watch?v=2shnPlmFJts,BÍ QUYẾT ÔN THI THPT 2024 Môn Ngữ văn Chuyên đề 9 Luyện đề nghị luận văn học Tác phẩm Đất nước,Báo Thanh Niên,2024-06-12,2205,25,55116,1280,720
L25_V011,HXihXzTfPtU,https://www.youtube.com/watch?v=HXihXzTfPtU,BÍ QUYẾT ÔN THI THPT 2024 Môn Lịch sử Chuyên đề 9 Các tổ chức quốc tế,Báo Thanh Niên,2024-06-12,895,25,22364,1280,720
L25_V012,0QLb-98OHvs,https://www.youtube.com/watch?v=0QLb-98OHvs,BÍ QUYẾT ÔN THI THPT 2024 Môn Sinh học Chuyên đề 9 Một số vấn đề về sinh thái học,Báo Thanh Niên,2024-06-11,1241,25,31020,1280,720
L25_V013,ZgmFudc7u50,https://www.youtube.com/watch?v=ZgmFudc7u50,BÍ QUYẾT ÔN THI THPT 2024 Môn Hóa học Chuyên đề 9 Hệ thống nhóm chức,Báo Thanh Niên,2024-06-11,1192,30000/1001,35728,1280,720
L25_V014,jZrGZX2fk_8,https://www.youtube.com/watch?v=jZrGZX2fk_8,BÍ QUYẾT ÔN THI THPT 2024 Môn Vật lý Chuyên đề 9 Lượng tử ánh sáng,Báo Thanh Niên,2024-06-11,1591,30000/1001,47689,1280,720
L25_V015,ysbYtD4nGxA,https://www.youtube.com/watch?v=ysbYtD4nGxA,BÍ QUYẾT ÔN THI THPT 2024 Môn Anh văn Chuyên đề 9 Thành ngữ,Báo Thanh Niên,2024-06-10,1329,25,33216,1280,720
L25_V016,MJNkgDwKYN0,https://www.youtube.com/watch?v=MJNkgDwKYN0,BÍ QUYẾT ÔN THI THPT 2024 Môn Địa lý Chuyên đề 9 Các vùng kinh tết Việt Nam - Phần 3,Báo Thanh Niên,2024-06-10,1592,25,39809,1280,720
L25_V017,9EmZYJH0V4g,https://www.youtube.com/watch?v=9EmZYJH0V4g,"BÍ QUYẾT ÔN THI THPT 2024 Môn Toán Chuyên đề 9 Mặt cầu, mặt phẳng, trong hệ tọa độ OZYZ",Báo Thanh Niên,2024-06-10,1137,30000/1001,34073,1280,720
L25_V018,kCLqYgC7a58,https://www.youtube.com/watch?v=kCLqYgC7a58,BÍ QUYẾT ÔN THI THPT 2024 Môn Ngữ văn Chuyên đề 8 Tác phẩm Người lái đò sông Đà,Báo Thanh Niên,2024-06-08,1662,25,41559,1280,720
L25_V019,izpwuSBRIyY,https://www.youtube.com/watch?v=izpwuSBRIyY,BÍ QUYẾT ÔN THI THPT 2024 Môn Lịch sử Chuyên đề 8 Phong trào GPDT thế giới sau thế chiến 2,Báo Thanh Niên,2024-06-08,892,25,22296,1280,720
L25_V020,JJaa7NjVrqI,https://www.youtube.com/watch?v=JJaa7NjVrqI,BÍ QUYẾT ÔN THI THPT 2024 Môn Sinh học Chuyên đề 8 Một số lưu ý về phần tiến hóa,Báo Thanh Niên,2024-06-07,1195,25,29876,1280,720
L25_V021,is4ZUux8oC8,https://www.youtube.com/watch?v=is4ZUux8oC8,BÍ QUYẾT ÔN THI THPT 2024 Môn Hóa học Chuyên đề 8 Polime và vật liệu Polime,Báo Thanh Niên,2024-06-07,1163,30000/1001,34845,1280,720
L25_V022,U_xYAiZ4PI8,https://www.youtube.com/watch?v=U_xYAiZ4PI8,BÍ QUYẾT ÔN THI THPT 2024 Môn Vật lý Chuyên đề 8 Sóng ánh sáng,Báo Thanh Niên,2024-06-07,1640,30000/1001,49144,1280,720
L25_V023,evyS6-U6IXg,https://www.youtube.com/watch?v=evyS6-U6IXg,BÍ QUYẾT ÔN THI THPT 2024 Môn Anh văn Chuyên đề 8 Vị trí của danh từ và tính từ,Báo Thanh Niên,2024-06-06,1478,25,36958,1280,720
L25_V024,xWrR5mJFtuI,https://www.youtube.com/watch?v=xWrR5mJFtuI,BÍ QUYẾT ÔN THI THPT 2024 Môn Địa lý Chuyên đề 8 Các vùng kinh tết Việt Nam - Phần 2,Báo Thanh Niên,2024-06-06,1435,25,35862,1280,720
L25_V025,9HT9Vv6ftUc,https://www.youtube.com/watch?v=9HT9Vv6ftUc,BÍ QUYẾT ÔN THI THPT 2024 Môn Toán Chuyên đề 8 Mặt phẳng trong hệ toạ độ OXYZ,Báo Thanh Niên,2024-06-06,1687,30000/1001,50551,1280,720
L25_V026,0rB3Q6VD_-o,https://www.youtube.com/watch?v=0rB3Q6VD_-o,BÍ QUYẾT ÔN THI THPT 2024 Môn GDCD Chuyên đề 7 Công dân với các quyền Tự do - Dân chủ,Báo Thanh Niên,2024-06-05,1650,25,41254,1280,720
L25_V027,as0qgsrRTjM,https://www.youtube.com/watch?v=as0qgsrRTjM,BÍ QUYẾT ÔN THI THPT 2024 Môn Ngữ văn Chuyên đề 1 Tác phẩm Vợ chồng A Phủ,Báo Thanh Niên,2024-06-05,1779,25,44477,1280,720
L25_V028,EfXJxwyj120,https://www.youtube.com/watch?v=EfXJxwyj120,BÍ QUYẾT ÔN THI THPT 2024 Môn Lịch sử Chuyên đề 7 Trật tự thế giới sau thế chiến 2 - năm 2000,Báo Thanh Niên,2024-06-05,878,25,21939,1280,720
L25_V029,e6zQQcAZPho,https://www.youtube.com/watch?v=e6zQQcAZPho,BÍ QUYẾT ÔN THI THPT 2024 Môn Sinh học Chuyên đề 7 Bài tập di truyền quần thể,Báo Thanh Niên,2024-06-04,1355,25,33871,1280,720
L25_V030,4FCtYRiLuho,https://www.youtube.com/watch?v=4FCtYRiLuho,BÍ QUYẾT ÔN THI THPT 2024 Môn Hóa học Chuyên đề 7 Amin - Amnoaxit - Peptit - Protein,Báo Thanh Niên,2024-06-04,1287,30000/1001,38560,1280,720
L25_V031,qFZv_xplTlo,https://www.youtube.com/watch?v=qFZv_xplTlo,BÍ QUYẾT ÔN THI THPT 2024 Môn Vật lý Chuyên đề 7 Mạch dao động - Sóng điện từ,Báo Thanh Niên,2024-06-04,1261,30000/1001,37788,1280,720
L25_V032,hgH4k9QFoqY,https://www.youtube.com/watch?v=hgH4k9QFoqY,BÍ QUYẾT ÔN THI THPT 2024 Môn Anh văn Chuyên đề 7 Câu tường thuật,Báo Thanh Niên,2024-06-03,1661,25,41528,1280,720
L25_V033,aFxEctSNt6A,https://www.youtube.com/watch?v=aFxEctSNt6A,BÍ QUYẾT ÔN THI THPT 2024 Môn Địa lý Chuyên đề 7 Các vùng kinh tế Việt Nam - Phần 1,Báo Thanh Niên,2024-06-03,1929,25,48230,1280,720
L25_V034,DGGWhygiKfM,https://www.youtube.com/watch?v=DGGWhygiKfM,BÍ QUYẾT ÔN THI THPT 2024 Môn Toán Chuyên đề 7 Các bài toán về khối tròn xoay,Báo Thanh Niên,2024-06-02,1373,30000/1001,41151,1280,720
L25_V035,zT5rGIkxcqU,https://www.youtube.com/watch?v=zT5rGIkxcqU,BÍ QUYẾT ÔN THI THPT 2024 Môn GDCD Chuyên đề 6 Pháp luật và quyền bình đẳng của công dân,Báo Thanh Niên,2024-06-01,1300,25,32493,1280,720
L25_V036,Xwd7sLbjvO4,https://www.youtube.com/watch?v=Xwd7sLbjvO4,BÍ QUYẾT ÔN THI THPT 2024 Môn Ngữ văn Chuyên đề 6 Viết đoạn văn nghị luận 200 chữ,Báo Thanh Niên,2024-06-01,1806,25,45160,1280,720
L25_V037,VXCHMOWZtPA,https://www.youtube.com/watch?v=VXCHMOWZtPA,BÍ QUYẾT ÔN THI THPT 2024 Môn Lịch sử Chuyên đề 6 Các cao trào CM trong cuộc ĐTGĐL(1930-1945),Báo Thanh Niên,2024-06-01,879,25,21984,1280,720
L25_V038,C0R9jLrZWPI,https://www.youtube.com/watch?v=C0R9jLrZWPI,BÍ QUYẾT ÔN THI THPT 2024 Môn Sinh học Chuyên đề 6 Xác định gen bố mẹ trong phép lai 2 tính,Báo Thanh Niên,2024-05-31,1366,25,34145,1280,720
L25_V039,wpYCa-4aPsE,https://www.youtube.com/watch?v=wpYCa-4aPsE,BÍ QUYẾT ÔN THI THPT 2024 Môn Hóa học Chuyên đề 6 Nhôm và hợp chất của nhôm,Báo Thanh Niên,2024-05-31,1533,30000/1001,45947,1280,720
L25_V040,s-Q__1F3K20,https://www.youtube.com/watch?v=s-Q__1F3K20,BÍ QUYẾT ÔN THI THPT 2024 Môn Vật lý Chuyên đề 6 Các loại máy điện - Sự truyền tải điện,Báo Thanh Niên,2024-05-31,1164,30000/1001,34871,1280,720
L25_V041,Wqvu09VA6PM,https://www.youtube.com/watch?v=Wqvu09VA6PM,BÍ QUYẾT ÔN THI THPT 2024 Môn Anh văn Chuyên đề 6 Động từ thêm 'ing' và động từ có 'to',Báo Thanh Niên,2024-05-30,1428,25,35707,1280,720
L25_V042,FPHW0CAzDHk,https://www.youtube.com/watch?v=FPHW0CAzDHk,BÍ QUYẾT ÔN THI THPT 2024 Môn Địa lý Chuyên đề 6 Địa lý công nghiệp và dịch vụ Việt Nam,Báo Thanh Niên,2024-05-30,1929,25,48230,1280,720
L25_V043,meQWOeObSHI,https://www.youtube.com/watch?v=meQWOeObSHI,BÍ QUYẾT ÔN THI THPT 2024 Môn Toán Chuyên đề 6 Góc - Khoảng cách - Thể tích,Báo Thanh Niên,2024-05-30,1695,30000/1001,50807,1280,720
L25_V044,SXxlU4-8kgw,https://www.youtube.com/watch?v=SXxlU4-8kgw,BÍ QUYẾT ÔN THI THPT 2024 Môn GDCD Chuyên đề 5 Một số vấn đề cơ bản của Pháp luật,Báo Thanh Niên,2024-05-29,1213,25,30320,1280,720
L25_V045,2tpn2LCjDfE,https://www.youtube.com/watch?v=2tpn2LCjDfE,BÍ QUYẾT ÔN THI THPT 2024 Môn Ngữ văn Chuyên đề 5 Phương pháp tăng khả năng ghi nhớ,Báo Thanh Niên,2024-05-29,1381,25,34531,1280,720
L25_V046,y8LeadtZo00,https://www.youtube.com/watch?v=y8LeadtZo00,BÍ QUYẾT ÔN THI THPT 2024 Môn Lịch sử Chuyên đề 5 Ngoại giao trong lịch sử CMVN (1945-1975),Báo Thanh Niên,2024-05-29,1006,25,25161,1280,720
L25_V047,1U4dAptxS_0,https://www.youtube.com/watch?v=1U4dAptxS_0,BÍ QUYẾT ÔN THI THPT 2024 Môn Sinh học Chuyên đề 5 Bài tập phả hệ,Báo Thanh Niên,2024-05-28,1326,25,33146,1280,720
L25_V048,SippjxdM0wc,https://www.youtube.com/watch?v=SippjxdM0wc,BÍ QUYẾT ÔN THI THPT 2024 Môn Hóa học Chuyên đề 5 Sắt và hợp chất của sắt,Báo Thanh Niên,2024-05-28,2071,30000/1001,62057,1280,720
L25_V049,JxUA0S-gy7s,https://www.youtube.com/watch?v=JxUA0S-gy7s,BÍ QUYẾT ÔN THI THPT 2024 Môn Vật lý Chuyên đề 5 Mạch RLC - Công suất,Báo Thanh Niên,2024-05-28,1876,30000/1001,56212,1280,720
L25_V050,u1fz8Yrkl9M,https://www.youtube.com/watch?v=u1fz8Yrkl9M,BÍ QUYẾT ÔN THI THPT 2024 Môn Anh văn Chuyên đề 5 Đảo ngữ,Báo Thanh Niên,2024-05-27,1635,25,40866,1280,720
L25_V051,m3ttOhWdj54,https://www.youtube.com/watch?v=m3ttOhWdj54,BÍ QUYẾT ÔN THI THPT 2024 Môn Địa lý Chuyên đề 5 Cơ cấu kinh tế - Địa lý nông nghiêp,Báo Thanh Niên,2024-05-27,2017,25,50430,1280,720
L25_V052,r7lvq-F-9VA,https://www.youtube.com/watch?v=r7lvq-F-9VA,BÍ QUYẾT ÔN THI THPT 2024 Môn Toán Chuyên đề 5 Toán số phức và ứng dụng hình học trong số phức,Báo Thanh Niên,2024-05-27,1894,30000/1001,56756,1280,720
L25_V053,9fh-11ybIZk,https://www.youtube.com/watch?v=9fh-11ybIZk,BÍ QUYẾT ÔN THI THPT 2024 Môn GDCD Chuyên đề 4 Một số vấn đề cơ bản của Pháp luật,Báo Thanh Niên,2024-05-25,1017,25,25428,1280,720
L25_V054,0yyxartcZ1k,https://www.youtube.com/watch?v=0yyxartcZ1k,BÍ QUYẾT ÔN THI THPT 2024 Môn Ngữ văn Chuyên đề 4 Bí kíp đạt điểm tối đa phần đọc - hiểu,Báo Thanh Niên,2024-05-25,2518,25,62954,1280,720
L25_V055,hKCo1ZJA0ME,https://www.youtube.com/watch?v=hKCo1ZJA0ME,BÍ QUYẾT ÔN THI THPT 2024 Môn Lịch sử Chuyên đề 4 Thắng lợi QS của ta trong cuộc KC chống Mỹ,Báo Thanh Niên,2024-05-25,1042,25,26055,1280,720
L25_V056,kuRYuggWUeQ,https://www.youtube.com/watch?v=kuRYuggWUeQ,BÍ QUYẾT ÔN THI THPT 2024 Môn Sinh học Chuyên đề 4 Số loại kiểu gen tối đa cơ thể lưỡng bội,Báo Thanh Niên,2024-05-24,1431,25,35777,1280,720
L25_V057,zXA6EgYmSik,https://www.youtube.com/watch?v=zXA6EgYmSik,BÍ QUYẾT ÔN THI THPT 2024 Môn Hóa học Chuyên đề 4 Nước cứng và phản ứng ion trong dung dịch,Báo Thanh Niên,2024-05-24,1168,30000/1001,34999,1280,720
L25_V058,Wa_-aUgd_uQ,https://www.youtube.com/watch?v=Wa_-aUgd_uQ,BÍ QUYẾT ÔN THI THPT 2024 Môn Vật lý Chuyên đề 4 Sóng dừng - Sóng âm,Báo Thanh Niên,2024-05-24,1501,30000/1001,44987,1280,720
L25_V059,cZ4l81imqT8,https://www.youtube.com/watch?v=cZ4l81imqT8,BÍ QUYẾT ÔN THI THPT 2024 Môn Anh văn Chuyên đề 4 Các cấu trúc đặc biệt của câu điều kiện,Báo Thanh Niên,2024-05-23,1320,25,32996,1280,720
L25_V060,IocW0-AgoXQ,https://www.youtube.com/watch?v=IocW0-AgoXQ,BÍ QUYẾT ÔN THI THPT 2024 Môn Địa lý Chuyên đề 4 Địa lý dân cư Việt Nam,Báo Thanh Niên,2024-05-23,1583,25,39569,1280,720
L25_V061,EY-pV7I1umo,https://www.youtube.com/watch?v=EY-pV7I1umo,BÍ QUYẾT ÔN THI THPT 2024 Môn Toán Chuyên đề 4 Các bài toán ứng dụng tích phân,Báo Thanh Niên,2024-05-23,1555,30000/1001,46587,1280,720
L25_V062,ntFvvHK594A,https://www.youtube.com/watch?v=ntFvvHK594A,BÍ QUYẾT ÔN THI THPT 2024 Môn GDCD Chuyên đề 3 Các qui luật sản xuất và lưu thông hàng hóa,Báo Thanh Niên,2024-05-22,1252,25,31286,1280,720
L25_V063,Jt-tIBBhjIA,https://www.youtube.com/watch?v=Jt-tIBBhjIA,"BÍ QUYẾT ÔN THI THPT 2024 Môn Ngữ văn Chuyên đề 3 Nhận định siêu hay, học ngay kẻo lỡ",Báo Thanh Niên,2024-05-22,1415,25,35374,1280,720
L25_V064,SNccx2GIjAg,https://www.youtube.com/watch?v=SNccx2GIjAg,BÍ QUYẾT ÔN THI THPT 2024 Môn Lịch sử Chuyên đề 3 Chiến lược QS của Mỹ ở Miền Nam Việt Nam,Báo Thanh Niên,2024-05-22,1215,25,30363,1280,720
L25_V065,TLeKwGuiJYY,https://www.youtube.com/watch?v=TLeKwGuiJYY,BÍ QUYẾT ÔN THI THPT 2024 Môn Sinh học Chuyên đề 3 Số loại thể ba & tam bội khác nhau kiểu gen,Báo Thanh Niên,2024-05-21,1145,25,28622,1280,720
L25_V066,0DeLbMiad3I,https://www.youtube.com/watch?v=0DeLbMiad3I,BÍ QUYẾT ÔN THI THPT 2024 Môn Hóa học Chuyên đề 3 Bài tập kim loai - Tác dụng dung dịch muối,Báo Thanh Niên,2024-05-21,1234,30000/1001,36986,1280,720
L25_V067,aQ9UTJnJYdI,https://www.youtube.com/watch?v=aQ9UTJnJYdI,BÍ QUYẾT ÔN THI THPT 2024 Môn Vật lý Chuyên đề 3 Sóng - Giao thoa sóng,Báo Thanh Niên,2024-05-21,1625,30000/1001,48712,1280,720
L25_V068,EekSMrbu2HI,https://www.youtube.com/watch?v=EekSMrbu2HI,BÍ QUYẾT ÔN THI THPT 2024 Môn Anh văn Chuyên đề 3 Câu điều kiện,Báo Thanh Niên,2024-05-20,1755,25,43883,1280,720
L25_V069,rwEXSZ2hRp8,https://www.youtube.com/watch?v=rwEXSZ2hRp8,BÍ QUYẾT ÔN THI THPT 2024 Môn Địa lý Chuyên đề 3 Địa lý tự nhiên Việt Nam - Phần 2,Báo Thanh Niên,2024-05-20,1939,25,48462,1280,720
L25_V070,1EUKmtBmsCA,https://www.youtube.com/watch?v=1EUKmtBmsCA,BÍ QUYẾT ÔN THI THPT 2024 Môn Toán Chuyên đề 3 Phương trình - Bất phương trình mũ và Logarit,Báo Thanh Niên,2024-05-20,1448,30000/1001,43400,1280,720
L25_V071,XQiNoaKMhIQ,https://www.youtube.com/watch?v=XQiNoaKMhIQ,BÍ QUYẾT ÔN THI THPT 2024 Môn GDCD Chuyên đề 2 Hàng hóa - Tiền tệ - Thị trường,Báo Thanh Niên,2024-05-18,988,25,24702,1280,720
L25_V072,0gonpkGhDvE,https://www.youtube.com/watch?v=0gonpkGhDvE,BÍ QUYẾT ÔN THI THPT 2024 Môn Lịch sử Chuyên đề 2 Các Thắng lợi QS của ta trong KC chống Pháp,Báo Thanh Niên,2024-05-18,977,25,24412,1280,720
L25_V073,irniiF5WuNk,https://www.youtube.com/watch?v=irniiF5WuNk,BÍ QUYẾT ÔN THI THPT 2024 Môn Sinh học Chuyên đề 2 Quá trình nguyên phân và giảm phân,Báo Thanh Niên,2024-05-17,1336,25,33398,1280,720
L25_V074,3YbEA4ZPn84,https://www.youtube.com/watch?v=3YbEA4ZPn84,BÍ QUYẾT ÔN THI THPT 2024 Môn Hóa học Chuyên đề 2 Điều chế kim loại - Nhiệt luyện,Báo Thanh Niên,2024-05-17,1918,30000/1001,57491,1280,720
L25_V075,G05S9VA2TAY,https://www.youtube.com/watch?v=G05S9VA2TAY,"BÍ QUYẾT ÔN THI THPT 2024 Môn Anh văn Chuyên đề 2 Thì quá khứ đơn, thì quá khứ tiếp diễn",Báo Thanh Niên,2024-05-16,1736,25,43403,1280,720
L25_V076,StoPvqRURtE,https://www.youtube.com/watch?v=StoPvqRURtE,BÍ QUYẾT ÔN THI THPT 2024 Môn Địa lý Chuyên đề 2 Địa lý tự nhiên Việt Nam - Phần 1,Báo Thanh Niên,2024-05-16,1529,25,38216,1280,720
L25_V077,KTncCCthOwc,https://www.youtube.com/watch?v=KTncCCthOwc,BÍ QUYẾT ÔN THI THPT 2024 Môn Vật lý Chuyên đề 2 Các loại dao động - Tổng hợp dao động,Báo Thanh Niên,2024-05-16,1810,30000/1001,54233,1280,720
L25_V078,ZbJW064Mj8I,https://www.youtube.com/watch?v=ZbJW064Mj8I,BÍ QUYẾT ÔN THI THPT 2024 Môn Toán Chuyên đề 2 Khảo sát hàm số - Các bài toán về hàm hợp,Báo Thanh Niên,2024-05-16,1516,30000/1001,45447,1280,720
L25_V079,eaCVBZaxYbc,https://www.youtube.com/watch?v=eaCVBZaxYbc,"BÍ QUYẾT ÔN THI THPT 2024 Môn GDCD Chuyên đề 1 Sản xuất, của cải vật chất",Báo Thanh Niên,2024-05-15,1041,25,26028,1280,720
L25_V080,oQAGptD8wWw,https://www.youtube.com/watch?v=oQAGptD8wWw,BÍ QUYẾT ÔN THI THPT 2024 Môn Ngữ văn Chuyên đề 2 Cách viết kết bài 'xịn xò',Báo Thanh Niên,2024-05-15,1418,25,35458,1280,720
L25_V081,ZZ0lI9P21Mg,https://www.youtube.com/watch?v=ZZ0lI9P21Mg,BÍ QUYẾT ÔN THI THPT 2024 Môn Ngữ văn Chuyên đề 1 Cách viết mở bài đốn tim giám khảo,Báo Thanh Niên,2024-05-15,2267,25,56678,1280,720
L25_V082,cejl8cXtKn4,https://www.youtube.com/watch?v=cejl8cXtKn4,BÍ QUYẾT ÔN THI THPT 2024 Môn Lịch sử Chuyên đề 1 Đấu tranh chống thù trong giặc ngoài,Báo Thanh Niên,2024-05-15,1179,25,29465,1280,720
L25_V083,aVhqP2rZ3FM,https://www.youtube.com/watch?v=aVhqP2rZ3FM,BÍ QUYẾT ÔN THI THPT 2024 Môn Sinh học Chuyên đề 1 Một số dạng bài tập về ADN (Gen),Báo Thanh Niên,2024-05-14,1087,25,27181,1280,720
L25_V084,7TRzu2iozPk,https://www.youtube.com/watch?v=7TRzu2iozPk,BÍ QUYẾT ÔN THI THPT 2024 Môn Hóa học Chuyên đề 1 Lý thuyết chung về kim loại,Báo Thanh Niên,2024-05-14,2189,30000/1001,65616,1280,720
L25_V085,J5dPahxmjik,https://www.youtube.com/watch?v=J5dPahxmjik,BÍ QUYẾT ÔN THI THPT 2024 Môn Vật lý Chuyên đề 1 Dao động điều hòa - Con lắc lò xo,Báo Thanh Niên,2024-05-14,2291,30000/1001,68674,1280,720
L25_V086,tQnZVSoA48I,https://www.youtube.com/watch?v=tQnZVSoA48I,BÍ QUYẾT ÔN THI THPT 2024 Môn Anh văn CĐ 1 Chức năng Giao tiếp,Báo Thanh Niên,2024-05-13,2164,25,54097,1280,720
L25_V087,moQSm-IwjNc,https://www.youtube.com/watch?v=moQSm-IwjNc,BÍ QUYẾT ÔN THI THPT 2024 Môn Địa lý CĐ 1 Vị trí địa lý - Phạm vi lãnh thổ - Biển Đông,Báo Thanh Niên,2024-05-13,1629,25,40736,1280,720
L25_V088,zDv8FJkq7Oc,https://www.youtube.com/watch?v=zDv8FJkq7Oc,BÍ QUYẾT ÔN THI THPT 2024 Môn Toán CĐ 1 Khảo sát hàm số - Các bài toán chứa tham số M,Báo Thanh Niên,2024-05-13,1447,30000/1001,43367,1280,720
L26_V001,mVf8qMaNHJM,https://www.youtube.com/watch?v=mVf8qMaNHJM,ĐÙI ẾCH CHIÊN MÈ MÓN NGON MỖI NGÀY VIVU TV,ViVU TV,2024-09-30,296,25,7396,1280,720
L26_V002,DfLO8m0MHtM,https://www.youtube.com/watch?v=DfLO8m0MHtM,BÁNH CREPE ÁP CHẢO MÓN NGON MỖI NGÀY VIVU TV,ViVU TV,2024-09-29,298,25,7447,1280,720
L26_V003,iIIH4h5U4ck,https://www.youtube.com/watch?v=iIIH4h5U4ck,ỨC GÀ NHỒI PHÔ MAI MÓN NGON MỖI NGÀY VIVU TV,ViVU TV,2024-09-20,294,25,7348,1280,720
L26_V004,IELN5vkpRnU,https://www.youtube.com/watch?v=IELN5vkpRnU,PANNA COTTA KEM MUỐI MÓN NGON MỖI NGÀY VIVU TV,ViVU TV,2024-09-19,294,25,7359,1280,720
L26_V005,170XSKqT6Ss,https://www.youtube.com/watch?v=170XSKqT6Ss,SUP MỘC NHĨ THỊT CUA MÓN NGON MỖI NGÀY VIVU TV,ViVU TV,2024-09-19,293,25,7313,1280,720
L26_V006,UDZuHAgPuFI,https://www.youtube.com/watch?v=UDZuHAgPuFI,CÁ CHÉP CHIÊN GIÒN CUỐN BÁNH TRÁNG MÓN NGON MỖI NGÀY VIVU TV,ViVU TV,2024-09-18,292,25,7305,1280,720
L26_V007,bsXAWz6L0Po,https://www.youtube.com/watch?v=bsXAWz6L0Po,SALAD CÁ NGỪ RAU THƠM MÓN NGON MỖI NGÀY VIVU TV,ViVU TV,2024-09-12,313,25,7815,1280,720
L26_V008,ms7LCwTThD4,https://www.youtube.com/watch?v=ms7LCwTThD4,MÌ Ý BÒ BẰM MÓN NGON MỖI NGÀY VIVU TV,ViVU TV,2024-09-11,333,25,8318,1280,720
L26_V009,67RaoFSFhNs,https://www.youtube.com/watch?v=67RaoFSFhNs,BÒ CUỘN XÚC XÍCH CHIÊN MÓN NGON MỖI NGÀY VIVU TV,ViVU TV,2024-09-07,310,25,7740,1280,720
L26_V010,q583NiybXOs,https://www.youtube.com/watch?v=q583NiybXOs,VỊT KHO RIỀNG ỚT KHÔ MÓN NGON MỖI NGÀY VIVU TV,ViVU TV,2024-09-06,278,25,6938,1280,720
L26_V011,Rq8nxWZQZyY,https://www.youtube.com/watch?v=Rq8nxWZQZyY,LẨU KIM CHI PHÔ MAI MÓN NGON MỖI NGÀY VIVU TV,ViVU TV,2024-09-05,282,25,7059,1280,720
L26_V012,zzAn2o8sjAA,https://www.youtube.com/watch?v=zzAn2o8sjAA,CỦ NĂNG OM NẤM CHAY MÓN NGON MỖI NGÀY VIVU TV,ViVU TV,2024-09-04,357,25,8913,1280,720
L26_V013,0d4iA796hJg,https://www.youtube.com/watch?v=0d4iA796hJg,SALAD BƠ BACON MÓN NGON MỖI NGÀY VIVU TV,ViVU TV,2024-08-15,339,25,8470,1280,720
L26_V014,zi1vOQ3AZGg,https://www.youtube.com/watch?v=zi1vOQ3AZGg,CANH ỐC MỒNG TƠI MÓN NGON MỖI NGÀY VIVU TV,ViVU TV,2024-08-14,311,25,7780,1280,720
L26_V015,ve-eFRtj7XA,https://www.youtube.com/watch?v=ve-eFRtj7XA,CHẢ GIÒ RONG BIỂN CHAY MÓN NGON MỖI NGÀY VIVU TV,ViVU TV,2024-08-03,375,25,9377,1280,720
L26_V016,FRJZOfNSXxU,https://www.youtube.com/watch?v=FRJZOfNSXxU,SƯỜN KHO CỦ NÉN MÓN NGON MỖI NGÀY VIVU TV,ViVU TV,2024-08-02,332,25,8296,1280,720
L26_V017,EOHYIzh-wuo,https://www.youtube.com/watch?v=EOHYIzh-wuo,TÔM SÚ KHO LÁ QUẾ MÓN NGON MỖI NGÀY VIVU TV,ViVU TV,2024-08-01,300,25,7495,1280,720
L26_V018,viofauPozO8,https://www.youtube.com/watch?v=viofauPozO8,CANH SƯỜN ĐẬU PHỘNG XÁ BẤU MÓN NGON MỖI NGÀY VIVU TV,ViVU TV,2024-07-31,297,25,7433,1280,720
L26_V019,8k8b76qvnpM,https://www.youtube.com/watch?v=8k8b76qvnpM,CANH TÔM BỒ NGÓT MÓN NGON MỖI NGÀY VIVU TV,ViVU TV,2024-07-20,295,25,7374,1280,720
L26_V020,olEryXVe_Rc,https://www.youtube.com/watch?v=olEryXVe_Rc,TIM HEO NƯỚNG NGŨ VỊ MÓN NGON MỖI NGÀY VIVU TV,ViVU TV,2024-07-19,303,25,7577,1280,720
L26_V021,iXTX0WJsaBs,https://www.youtube.com/watch?v=iXTX0WJsaBs,SUP GÀ MỘC NẤM HƯƠNG MÓN NGON MỖI NGÀY VIVU TV,ViVU TV,2024-07-13,350,25,8753,1280,720
L26_V022,oP8GbeBnqBM,https://www.youtube.com/watch?v=oP8GbeBnqBM,NGHÊU KHO NƯỚC TƯƠNG MÓN NGON MỖI NGÀY VIVU TV,ViVU TV,2024-07-12,289,25,7225,1280,720
L26_V023,wLLPOnCYaEI,https://www.youtube.com/watch?v=wLLPOnCYaEI,CÁ HỒI HẠNH NHÂN XỐT CHANH DÂY MÓN NGON MỖI NGÀY VIVU TV,ViVU TV,2024-07-11,275,25,6869,1280,720
L26_V024,1z0RPS5ChWE,https://www.youtube.com/watch?v=1z0RPS5ChWE,CHÁO CÁ NẤU BẮP NẾP MÓN NGON MỖI NGÀY VIVU TV,ViVU TV,2024-07-06,327,25,8172,1280,720
L26_V025,ENrm3molfZw,https://www.youtube.com/watch?v=ENrm3molfZw,VIÊN XÚC XÍCH TRỨNG CÚT CHIÊN MÓN NGON MỖI NGÀY VIVU TV,ViVU TV,2024-07-05,317,25,7912,1280,720
L26_V026,PXtPv0jeElQ,https://www.youtube.com/watch?v=PXtPv0jeElQ,SALAD RONG NHO XỐT MÈ RANG MÓN NGON MỖI NGÀY VIVU TV,ViVU TV,2024-07-04,296,25,7408,1280,720
L26_V027,_f2U8H0EOJg,https://www.youtube.com/watch?v=_f2U8H0EOJg,LẨU SƯỜN KHOAI MÔN MÓN NGON MỖI NGÀY VIVU TV,ViVU TV,2024-06-29,327,25,8169,1280,720
L26_V028,ZMDlmNoaq2Y,https://www.youtube.com/watch?v=ZMDlmNoaq2Y,CANH LƯƠN BỒN BỒN MÓN NGON MỖI NGÀY VIVU TV,ViVU TV,2024-06-28,289,25,7216,1280,720
L26_V029,RXMKnzguV9w,https://www.youtube.com/watch?v=RXMKnzguV9w,PHỞ TÁI LĂN MÓN NGON MỖI NGÀY VIVU TV,ViVU TV,2024-06-27,309,25,7727,1280,720
L26_V030,Dfk5fHBxAew,https://www.youtube.com/watch?v=Dfk5fHBxAew,CÁ BASA PHI LÊ CHIÊN TRỨNG MÓN NGON MỖI NGÀY VIVU TV,ViVU TV,2024-06-13,273,25,6822,1280,720
L26_V031,PcJIvKEvVlI,https://www.youtube.com/watch?v=PcJIvKEvVlI,VỊT NẤU CƠM RƯỢU MÓN NGON MỖI NGÀY VIVU TV,ViVU TV,2024-06-08,317,25,7928,1280,720
L26_V032,tJsRDIkVE8M,https://www.youtube.com/watch?v=tJsRDIkVE8M,BÁNH RÁN BURGER BÒ MÓN NGON MỖI NGÀY VIVU TV,ViVU TV,2024-06-07,352,25,8796,1280,720
L26_V033,sDcpEhZh5ME,https://www.youtube.com/watch?v=sDcpEhZh5ME,MỀ GÀ XÀO CAY MÓN NGON MỖI NGÀY VIVU TV,ViVU TV,2024-06-06,341,25,8521,1280,720
L26_V034,zYUnqHAzYAA,https://www.youtube.com/watch?v=zYUnqHAzYAA,THỊT BÊ XÀO LĂN NGON THÍCH MÊ MÓN NGON MỖI NGÀY VIVU TV,ViVU TV,2024-06-06,341,25,8513,1280,720
L26_V035,AoTYHwN_DvQ,https://www.youtube.com/watch?v=AoTYHwN_DvQ,MỰC XÀO ĐẬU HÀ LAN MÓN NGON MỖI NGÀY VIVU TV,ViVU TV,2024-05-30,325,25,8122,1280,720
L26_V036,iZY8u7lFDwk,https://www.youtube.com/watch?v=iZY8u7lFDwk,CÁ HẤP MỒNG TƠI MÓN NGON MỖI NGÀY VIVU TV,ViVU TV,2024-05-29,317,25,7934,1280,720
L26_V037,efBnFILh8b4,https://www.youtube.com/watch?v=efBnFILh8b4,DA HEO CHIÊN NƯỚC MẮM GIÒN RỤM THƠM LỪNG MÓN NGON MỖI NGÀY VIVU TV,ViVU TV,2024-05-22,324,25,8091,1280,720
L26_V038,TCTZWAYVlq0,https://www.youtube.com/watch?v=TCTZWAYVlq0,TRÀ SỮA MATCHA KHOAI MÔN MÓN NGON MỖI NGÀY VIVU TV,ViVU TV,2024-05-18,318,25,7949,1280,720
L26_V039,riwL2bRd_h8,https://www.youtube.com/watch?v=riwL2bRd_h8,SƯỜN CHAY OM NẤM ĐÙI GÀ MÓN NGON MỖI NGÀY VIVU TV,ViVU TV,2024-05-17,359,25,8964,1280,720
L26_V040,5y7ddxoRGqU,https://www.youtube.com/watch?v=5y7ddxoRGqU,SALAD BEEF STEAK MÓN NGON MỖI NGÀY VIVU TV,ViVU TV,2024-05-16,319,25,7981,1280,720
L26_V041,QG6LfBgNGM8,https://www.youtube.com/watch?v=QG6LfBgNGM8,CƠM TÔM GIÒN KHO QUẸT MÓN NGON MỖI NGÀY VIVU TV,ViVU TV,2024-05-15,330,25,8237,1280,720
L26_V042,JFj0wOh_Hrg,https://www.youtube.com/watch?v=JFj0wOh_Hrg,CÁ BỐNG TRỨNG KHO TIÊU THẤM VỊ ĐẬM ĐÀ MÓN NGON MỖI NGÀY VIVU TV,ViVU TV,2024-05-10,292,25,7303,1280,720
L26_V043,-3pU3CHkG8c,https://www.youtube.com/watch?v=-3pU3CHkG8c,LẨU BÒ THẢO MỘC NÓNG HỔI CHUẨN VỊ NHÀ HÀNG MÓN NGON MỖI NGÀY VIVU TV,ViVU TV,2024-05-10,311,25,7780,1280,720
L26_V044,oUyOoGjbR8o,https://www.youtube.com/watch?v=oUyOoGjbR8o,BLENDY Trà Đào Cam Sả MÓN NGON MỖI NGÀY VIVU TV,ViVU TV,2024-04-06,324,25,8097,1280,720
L26_V045,WxcsVP1DbHE,https://www.youtube.com/watch?v=WxcsVP1DbHE,Cơm Gà Nướng Nước Tương MÓN NGON MỖI NGÀY VIVU TV,ViVU TV,2024-04-05,329,25,8233,1280,720
L26_V046,oTfmbXrJOpU,https://www.youtube.com/watch?v=oTfmbXrJOpU,GÀ XÀO TIÊU ĐEN MÓN NGON MỖI NGÀY VIVU TV,ViVU TV,2024-03-30,322,25,8051,1280,720
L26_V047,0G5Jt_yDN2I,https://www.youtube.com/watch?v=0G5Jt_yDN2I,SƯỜN BÒ HẦM ĐẬU PHỘNG MÓN NGON MỖI NGÀY VIVU TV,ViVU TV,2024-03-29,330,25,8256,1280,720
L26_V048,_wEYbUfUYDo,https://www.youtube.com/watch?v=_wEYbUfUYDo,CANH CÁ RAU CẦN MÓN NGON MỖI NGÀY VIVU TV,ViVU TV,2024-03-28,327,25,8185,1280,720
L26_V049,Z07Qr8cz4c0,https://www.youtube.com/watch?v=Z07Qr8cz4c0,BÚN RIÊU CUA BẮP BÒ MÓN NGON MỖI NGÀY VIVU TV,ViVU TV,2024-03-27,330,25,8246,1280,720
L26_V050,PB0TqI0TIcE,https://www.youtube.com/watch?v=PB0TqI0TIcE,Bò Cuộn Rong Biển Mềm Ngọt Thơm Ngon MÓN NGON MỖI NGÀY VIVU TV,ViVU TV,2024-03-16,330,25,8257,1280,720
L26_V051,h8ucKndBnnE,https://www.youtube.com/watch?v=h8ucKndBnnE,Canh Chua Cá Lóc Đậu Tương MÓN NGON MỖI NGÀY VIVU TV,ViVU TV,2024-03-09,311,25,7764,1280,720
L26_V052,5MY1CEbJsv8,https://www.youtube.com/watch?v=5MY1CEbJsv8,Bò Áp Chảo Thơm Ngon Xuất Sắc MÓN NGON MỖI NGÀY VIVU TV,ViVU TV,2024-03-09,332,25,8293,1280,720
L26_V053,HQAR3VnymYg,https://www.youtube.com/watch?v=HQAR3VnymYg,Salad Trứng Giòn Ngọt Xanh Tươi MÓN NGON MỖI NGÀY VIVU TV,ViVU TV,2024-03-08,315,25,7884,1280,720
L26_V054,cAJuNJoGhzg,https://www.youtube.com/watch?v=cAJuNJoGhzg,Xúc Xích Xào Dưa Cải MÓN NGON MỖI NGÀY VIVU TV,ViVU TV,2024-03-08,329,25,8227,1280,720
L26_V055,H4a8fj4-ur0,https://www.youtube.com/watch?v=H4a8fj4-ur0,CÁNH GÀ CHIÊN LÁ CHANH MÓN NGON MỖI NGÀY VIVU TV,ViVU TV,2024-02-24,326,25,8161,1280,720
L26_V056,dVYl-SnTVno,https://www.youtube.com/watch?v=dVYl-SnTVno,CUỐN CHAY ĐẬU HỦ RAU RỪNG MÓN NGON MỖI NGÀY VIVU TV,ViVU TV,2024-02-23,323,25,8067,1280,720
L26_V057,PQAM1SumSHw,https://www.youtube.com/watch?v=PQAM1SumSHw,ĐÙI GÀ XỐT KIỂU TERIYAKI MÓN NGON MỖI NGÀY VIVU TV,ViVU TV,2024-02-17,329,25,8229,1280,720
L26_V058,95ImmSxip3I,https://www.youtube.com/watch?v=95ImmSxip3I,CANH KHOAI MÌ NẤU TÔM MÓN NGON MỖI NGÀY VIVU TV,ViVU TV,2024-02-16,331,25,8277,1280,720
L26_V059,LisEYj6llL8,https://www.youtube.com/watch?v=LisEYj6llL8,BLENDY GẠO RANG KEM CHUỐI MÓN NGON MỖI NGÀY VIVU TV,ViVU TV,2024-02-10,322,25,8046,1280,720
L26_V060,ahna3qjchXI,https://www.youtube.com/watch?v=ahna3qjchXI,CANH GÀ TỨ QUÝ NGỌT THANH NHẸ NHÀNG MÓN NGON MỖI NGÀY VIVU TV,ViVU TV,2024-02-09,328,25,8202,1280,720
L26_V061,HqN_rk26InY,https://www.youtube.com/watch?v=HqN_rk26InY,CÁ LÒNG TONG RIM NƯỚC MẮM ĐẠM ĐÀ SAY ĐẮM MÓN NGON MỖI NGÀY VIVU TV,ViVU TV,2024-02-03,324,25,8097,1280,720
L26_V062,X-XAmwLb2Ao,https://www.youtube.com/watch?v=X-XAmwLb2Ao,GÀ HẤP HÀNH RĂM CAY NỒNG NGỌT THỊT MÓN NGON MỖI NGÀY VIVU TV,ViVU TV,2024-02-02,329,25,8231,1280,720
L26_V063,W2evcLuqNOE,https://www.youtube.com/watch?v=W2evcLuqNOE,BÚN TRỘN NGŨ SẮC MÓN NGON MỖI NGÀY VIVU TV,ViVU TV,2024-01-27,323,25,8079,1280,720
L26_V064,zVZirOItl4o,https://www.youtube.com/watch?v=zVZirOItl4o,ỐC XÀO KHẾ GIÒN NGỌT CHUA CAY MÓN NGON MỖI NGÀY VIVU TV,ViVU TV,2024-01-26,321,25,8031,1280,720
L26_V065,vfH4tEtYtsc,https://www.youtube.com/watch?v=vfH4tEtYtsc,Ba Chỉ Rim Mắm Ruốc Thơm phức Nức Vị MÓN NGON MỖI NGÀY VIVU TV,ViVU TV,2024-01-25,327,25,8174,1280,720
L26_V066,wAJlQM4d8r0,https://www.youtube.com/watch?v=wAJlQM4d8r0,Mặn ngọt hài hòa Gà Om Kiểu Hoa MÓN NGON MỖI NGÀY VIVU TV,ViVU TV,2024-01-24,328,25,8207,1280,720
L26_V067,pl-J_fc0kYw,https://www.youtube.com/watch?v=pl-J_fc0kYw,CUPCAKE Trứng Muối Chà Bông Pho Mai Béo Thơm Hài Hòa MÓN NGON MỖI NGÀY VIVU TV,ViVU TV,2024-01-13,330,25,8238,1280,720
L26_V068,aYddNi0tdbc,https://www.youtube.com/watch?v=aYddNi0tdbc,Chua Ngọt Cay Cay Lẩu Cá Lăng Vị Thái MÓN NGON MỖI NGÀY VIVU TV,ViVU TV,2024-01-12,329,25,8236,1280,720
L26_V069,Y6N6OeVv3Tk,https://www.youtube.com/watch?v=Y6N6OeVv3Tk,Thơm Ngào Ngạt Lươn Nướng Lá Chanh MÓN NGON MỖI NGÀY VIVU TV,ViVU TV,2024-01-06,331,25,8274,1280,720
L26_V070,15fUBJ4LwZA,https://www.youtube.com/watch?v=15fUBJ4LwZA,Ba Chỉ Chiên Riềng Mẻ Giòn Rụm Nồng Nàn Mới Lạ MÓN NGON MỖI NGÀY VIVU TV,ViVU TV,2024-01-05,319,25,7982,1280,720
L26_V071,q6T26muRFiY,https://www.youtube.com/watch?v=q6T26muRFiY,Thanh Mát Ngọt Lành Salad Táo và Hạt Óc Chó MÓN NGON MỖI NGÀY VIVU TV,ViVU TV,2023-12-30,323,25,8073,1280,720
L26_V072,umxw-i1AsrM,https://www.youtube.com/watch?v=umxw-i1AsrM,Ngọt Thơm Giòn Giòn Soup Gấc Nấm Mỡ MÓN NGON MỖI NGÀY VIVU TV,ViVU TV,2023-12-29,327,25,8174,1280,720
L26_V073,IbJxf93gCco,https://www.youtube.com/watch?v=IbJxf93gCco,Đùi Dê Quay_Chín ngọt bên trong vàng thơm bên ngoài MÓN NGON MỖI NGÀY VIVU TV,ViVU TV,2023-12-23,330,25,8244,1280,720
L26_V074,fhwgi-tm6Tg,https://www.youtube.com/watch?v=fhwgi-tm6Tg,Chua ngọt xuýt xoa Lẩu Thái và Hoa MÓN NGON MỖI NGÀY VIVU TV,ViVU TV,2023-12-22,327,25,8171,1280,720
L26_V075,nPAdsCvGfAE,https://www.youtube.com/watch?v=nPAdsCvGfAE,GỎI CÁ KIỂU NHẬT NGỌT THƠM GIÒN GIÒN KHÉO VỊ ĐƯA CƠM MÓN NGON MỖI NGÀY VIVU TV,ViVU TV,2023-12-16,329,25,8236,1280,720
L26_V076,d4I3qgwsiG8,https://www.youtube.com/watch?v=d4I3qgwsiG8,THƠM NỒNG QUYẾN RŨ CƠM CHIÊN KIM CHI MÓN NGON MỖI NGÀY VIVU TV,ViVU TV,2023-12-15,324,25,8110,1280,720
L26_V077,X2pMfbn4mvU,https://www.youtube.com/watch?v=X2pMfbn4mvU,Mê ngay hương vị núi rừng với GÀ XÀO CHẲM CHÉO MÓN NGON MỖI NGÀY VIVU TV,ViVU TV,2023-12-14,329,25,8223,1280,720
L26_V078,tQihZMGnjTM,https://www.youtube.com/watch?v=tQihZMGnjTM,CHẢ BẮP DAI GIÒN THƠM NGỌT TRỌN VI MÂM CƠM MÓN NGON MỖI NGÀY VIVU TV,ViVU TV,2023-12-09,323,25,8066,1280,720
L26_V079,cNK70oHAzyM,https://www.youtube.com/watch?v=cNK70oHAzyM,NGỌT THƠM LẠ MIỆNG PANCAKE SOCOLA MỨT CAM MÓN NGON MỖI NGÀY VIVU TV,ViVU TV,2023-12-08,331,25,8268,1280,720
L26_V080,9KDPlvqV1vk,https://www.youtube.com/watch?v=9KDPlvqV1vk,CẢI NGỒNG TRỘN GÀ XÉ MÓN NGON MỖI NGÀY VIVU TV,ViVU TV,2023-12-07,305,25,7615,1280,720
L26_V081,tholPg801bU,https://www.youtube.com/watch?v=tholPg801bU,Đậm Đà Cay Cay Chuẩn Món Quê_CÁ HE KHO RỆU MÓN NGON MỖI NGÀY VIVU TV,ViVU TV,2023-11-29,321,25,8017,1280,720
L26_V082,rvNjkqakBa4,https://www.youtube.com/watch?v=rvNjkqakBa4,SALAD MỰC MĂNG TÂY_Tươi xanh mộng nước MÓN NGON MỖI NGÀY VIVU TV,ViVU TV,2023-11-23,327,25,8173,1280,720
L26_V083,Q_40h8ixmS0,https://www.youtube.com/watch?v=Q_40h8ixmS0,PAD THÁI CHAY_Vị thanh nhẹ cực kỳ lôi cuốn MÓN NGON MỖI NGÀY VIVU TV,ViVU TV,2023-11-22,329,25,8214,1280,720
L26_V084,Mgoo-9QQwb0,https://www.youtube.com/watch?v=Mgoo-9QQwb0,Chả Cá Thu Chiên Lá Lốt Thơm nức lòng dai ngọt vấn vương MÓN NGON MỖI NGÀY VIVU TV,ViVU TV,2023-11-18,328,25,8199,1280,720
L26_V085,GdBOHxj7Ixw,https://www.youtube.com/watch?v=GdBOHxj7Ixw,Xì sụp hít hà vị ngọt thơm thanh_Canh Cá Minh Thái MÓN NGON MỖI NGÀY VIVU TV,ViVU TV,2023-11-17,315,25,7871,1280,720
L26_V086,wCabnIWTGv4,https://www.youtube.com/watch?v=wCabnIWTGv4,Chua Ngọt Cay Cay_LẨU THÁI ĐẦU CÁ LÓC BÔNG MÓN NGON MỖI NGÀY VIVU TV,ViVU TV,2023-11-16,327,25,8185,1280,720
L26_V087,EnLo3Mwazd4,https://www.youtube.com/watch?v=EnLo3Mwazd4,Chua Ngọt lạ miệng ngon tê tái_SÚP CUA VỊ THÁI MÓN NGON MỖI NGÀY VIVU TV,ViVU TV,2023-11-11,319,25,7969,1280,720
L26_V088,i3xTOl8WQkI,https://www.youtube.com/watch?v=i3xTOl8WQkI,Giòn giòn ngọt ngọt chua chua_MỰC CHIÊN GIÒN XỐT TẮC MÓN NGON MỖI NGÀY VIVU TV,ViVU TV,2023-11-10,322,25,8055,1280,720
L26_V089,bQSbB-6jUHQ,https://www.youtube.com/watch?v=bQSbB-6jUHQ,CHẢ LA XƯƠNG SÔNG THƠM NGON ẤN TƯỢNG MÓN NGON MỖI NGÀY VIVU TV,ViVU TV,2023-11-09,308,25,7699,1280,720
L26_V090,O_aGesWy-0c,https://www.youtube.com/watch?v=O_aGesWy-0c,BLENDY KEM NHO MÓN NGON MỖI NGÀY VIVU TV,ViVU TV,2023-11-03,309,25,7734,1280,720
L26_V091,nLjZqANhaGw,https://www.youtube.com/watch?v=nLjZqANhaGw,ChuaThanh Giòn Thịt Thom Ấm Nồng _Thịt Bê Om Giấm Nghệ MÓN NGON MỖI NGÀY VIVU TV,ViVU TV,2023-10-14,329,25,8217,1280,720
L26_V092,JyQLcg-TJJI,https://www.youtube.com/watch?v=JyQLcg-TJJI,Giòn Thơm Đậm Đà CÁ NGỪ CUỘN PHÔ MAI MÓN NGON MỖI NGÀY VIVU TV,ViVU TV,2023-10-13,325,25,8116,1280,720
L26_V093,U90XHcBFRUc,https://www.youtube.com/watch?v=U90XHcBFRUc,Giòn thơm béo bùi Ngưu Bang Chiên tôm MÓN NGON MỖI NGÀY VIVU TV,ViVU TV,2023-10-07,328,25,8189,1280,720
L26_V094,7Suurcu-Xl4,https://www.youtube.com/watch?v=7Suurcu-Xl4,Canh Sườn non Xuyên Tiêu vị ngọt thanh va thơm nồng ấm MÓN NGON MỖI NGÀY VIVU TV,ViVU TV,2023-10-06,323,25,8083,1280,720
L26_V095,pO7HRV9zKVg,https://www.youtube.com/watch?v=pO7HRV9zKVg,SƯỜN HEO OM MÍT NON MÓN NGON MỖI NGÀY VIVU TV,ViVU TV,2023-09-30,328,25,8197,1280,720
L26_V096,FHO3Xf9dHk4,https://www.youtube.com/watch?v=FHO3Xf9dHk4,VIÊN THANH CUA PHÔ MAI MÓN NGON MỖI NGÀY VIVU TV,ViVU TV,2023-09-29,328,25,8210,1280,720
L26_V097,GUgVcLx3tKk,https://www.youtube.com/watch?v=GUgVcLx3tKk,CANH TÔM KHOAI MÀI sánh dẻo thơm bùi vị đồng quê MÓN NGON MỖI NGÀY VIVU TV,ViVU TV,2023-09-28,329,25,8225,1280,720
L26_V098,v-TLpP1wv2o,https://www.youtube.com/watch?v=v-TLpP1wv2o,MATCHA CÀ PHÊ vị mát lạnh thơm lừng MÓN NGON MỖI NGÀY VIVU TV,ViVU TV,2023-09-23,325,25,8127,1280,720
L26_V099,TQBG6m_IBJg,https://www.youtube.com/watch?v=TQBG6m_IBJg,TÔM NÉ bơ tỏi Thơm tung bừng gắp không ngừng MÓN NGON MỖI NGÀY VIVU TV,ViVU TV,2023-09-22,327,25,8166,1280,720
L26_V100,mi2MQ_hkjaw,https://www.youtube.com/watch?v=mi2MQ_hkjaw,TÔM CÀNG HẤP XỐT MAYONNAISE XOÀI MÓN NGON MỖI NGÀY VIVU TV,ViVU TV,2023-09-21,325,25,8135,1280,720
L26_V101,Aku5I0r7bPE,https://www.youtube.com/watch?v=Aku5I0r7bPE,Giòn Ngon Đậm Đà MÁ HEO NƯỚNG TÁO MÓN NGON MỖI NGÀY VIVU TV,ViVU TV,2023-09-15,324,25,8091,1280,720
L26_V102,qYRoUYv_RT8,https://www.youtube.com/watch?v=qYRoUYv_RT8,PANCAKE XỐT ĐẬU GÀ MÓN NGON MỖI NGÀY VIVU TV,ViVU TV,2023-09-14,328,25,8204,1280,720
L26_V103,4rHmvJ17OtI,https://www.youtube.com/watch?v=4rHmvJ17OtI,Thăn Heo Cuộn Cải Hấp MÓN NGON MỖI NGÀY VIVU TV,ViVU TV,2023-09-09,322,25,8045,1280,720
L26_V104,bNm-Wi_VKWg,https://www.youtube.com/watch?v=bNm-Wi_VKWg,Chôm Chôm Nhồi Tôm Chiên Mộng Nước giòn Thơm MÓN NGON MỖI NGÀY VIVU TV,ViVU TV,2023-09-08,330,25,8237,1280,720
L26_V105,Zq3QrfncB2A,https://www.youtube.com/watch?v=Zq3QrfncB2A,TOM YUM KUNG CHUA CAY KÍCH THÍCH MÓN NGON MỖI NGÀY VIVU TV,ViVU TV,2023-09-07,321,25,8014,1280,720
L26_V106,0m45Ir6mWjM,https://www.youtube.com/watch?v=0m45Ir6mWjM,CÁ THU XỐT XOÀI MÓN NGON MỖI NGÀY VIVU TV,ViVU TV,2023-09-02,312,25,7796,1280,720
L26_V107,9BTyeGO6caE,https://www.youtube.com/watch?v=9BTyeGO6caE,CANH TÔM CHUA CAY NGON BÙNG CHÁY MÓN NGON MỖI NGÀY VIVU TV,ViVU TV,2023-08-17,300,25,7505,1280,720
L26_V108,u-GHfRN6lyc,https://www.youtube.com/watch?v=u-GHfRN6lyc,Giòn Thơm Ngọt Bùi với Khoai Chiên lắc Mayo Mè MÓN NGON MỖI NGÀY VIVU TV,ViVU TV,2023-08-12,320,25,8006,1280,720
L26_V109,tbID8vD8WIw,https://www.youtube.com/watch?v=tbID8vD8WIw,Xôi Cẩm Thịt Cua Vừa Giòn lại Dẻo Thơm MÓN NGON MỖI NGÀY VIVU TV,ViVU TV,2023-08-11,326,25,8159,1280,720
L26_V110,i2kUGYgUpCk,https://www.youtube.com/watch?v=i2kUGYgUpCk,Tép Ruộng Xào Khế Bông Điên Điển Giòn Ngọt Vị Đồng MÓN NGON MỖI NGÀY VIVU TV,ViVU TV,2023-08-10,304,25,7593,1280,720
L26_V111,Vo8R0Mfd0bA,https://www.youtube.com/watch?v=Vo8R0Mfd0bA,Béo Béo Giòn Ngọt Bánh Mì Hạnh Nhân MÓN NGON MỖI NGÀY VIVU TV,ViVU TV,2023-08-10,313,25,7823,1280,720
L26_V112,BGQ58ngJeDE,https://www.youtube.com/watch?v=BGQ58ngJeDE,BÊ CUỘN KHÌA NƯỚC DỪA TƯƠI MÓN NGON MỖI NGÀY VIVU TV,ViVU TV,2023-08-05,313,25,7831,1280,720
L26_V113,D6l71u3IDC0,https://www.youtube.com/watch?v=D6l71u3IDC0,Xốp mềm béo thơm bánh rán kẹp cá ngừ Mayonnaise MÓN NGON MỖI NGÀY VIVU TV,ViVU TV,2023-08-04,331,25,8263,1280,720
L26_V114,EDATkp_JoU0,https://www.youtube.com/watch?v=EDATkp_JoU0,BÁNH RÁN HƯƠNG MÙA HÈ MÓN NGON MỖI NGÀY VIVU TV,ViVU TV,2023-08-03,326,25,8146,1280,720
L26_V115,0JyIfxtXmWs,https://www.youtube.com/watch?v=0JyIfxtXmWs,Đậm đà khó cưỡng Cá Hồi ngâm rau củ chua ngọt MÓN NGON MỖI NGÀY VIVU TV,ViVU TV,2023-07-15,323,25,8065,1280,720
L26_V116,2DWl_J2hjbs,https://www.youtube.com/watch?v=2DWl_J2hjbs,Sườn non kho dưa cải thơm ngon đậm đà MÓN NGON MỖI NGÀY VIVU TV,ViVU TV,2023-07-14,321,25,8019,1280,720
L26_V117,213u3Z00rj8,https://www.youtube.com/watch?v=213u3Z00rj8,Thanh mát lạ miệng Canh sườn củ sen ATISO MÓN NGON MỖI NGÀY VIVU TV,ViVU TV,2023-07-08,327,25,8186,1280,720
L26_V118,aBiYAa755dQ,https://www.youtube.com/watch?v=aBiYAa755dQ,Thơm nồng nàn ba rọi sả ớt tẩm bột chiên giòn MÓN NGON MỖI NGÀY VIVU TV,ViVU TV,2023-07-07,329,25,8213,1280,720
L26_V119,1rphBvWW2_Y,https://www.youtube.com/watch?v=1rphBvWW2_Y,Gà Cari xanh ngọt ngọt cay cay thơm nồng hương Thái MÓN NGON MỖI NGÀY VIVU TV,ViVU TV,2023-07-01,327,25,8172,1280,720
L26_V120,AZMfiMYE8OM,https://www.youtube.com/watch?v=AZMfiMYE8OM,Vị ngọt thơm với Dồi trường xào Bông hẹ MÓN NGON MỖI NGÀY VIVU TV,ViVU TV,2023-06-30,323,25,8064,1280,720
L26_V121,iyf56tbMue8,https://www.youtube.com/watch?v=iyf56tbMue8,Sụn Gà Rang Lá Cary Cay Thơm Ngon Bùng Vị MÓN NGON MỖI NGÀY VIVU TV,ViVU TV,2023-06-24,324,25,8102,1280,720
L26_V122,S030qpzfbaQ,https://www.youtube.com/watch?v=S030qpzfbaQ,Salad Cam Đậu Đỏ Tươi Giòn Thanh Mát MÓN NGON MỖI NGÀY VIVU TV,ViVU TV,2023-06-23,329,25,8231,1280,720
L26_V123,m3PGR0jjgxI,https://www.youtube.com/watch?v=m3PGR0jjgxI,BẠCH TUỘC LẮC CÓC NON XỐT THÁI CHUA NGỌT CAY CAY MÓN NGON MỖI NGÀY VIVU TV,ViVU TV,2023-06-10,328,25,8202,1280,720
L26_V124,RvNRJBsCeHs,https://www.youtube.com/watch?v=RvNRJBsCeHs,"ĐÔNG CÔ BÁCH HOA CHAY, NGỌT THƠM TỪ NẤM MÓN NGON MỖI NGÀY VIVU TV",ViVU TV,2023-06-09,330,25,8256,1280,720
L26_V125,xHbAf2ADXBE,https://www.youtube.com/watch?v=xHbAf2ADXBE,CÁ HỒI XÔNG KHÓI CUỘN CƠM MÓN NGON MỖI NGÀY VIVU TV,ViVU TV,2023-06-03,326,25,8155,1280,720
L26_V126,l6vK7KY0QQ4,https://www.youtube.com/watch?v=l6vK7KY0QQ4,LẨU HOA CÁ KÈO CHUA CHUA CAY CAY MÓN NGON MỖI NGÀY VIVU TV,ViVU TV,2023-06-02,321,25,8035,1280,720
L26_V127,uZSwsL4hCBM,https://www.youtube.com/watch?v=uZSwsL4hCBM,MÍT NON OM SƯỜN CHAY CỦ SEN MÓN NGON MỖI NGÀY VIVU TV,ViVU TV,2023-05-29,327,25,8185,1280,720
L26_V128,htyAHlGNlqE,https://www.youtube.com/watch?v=htyAHlGNlqE,ĐÙI GÀ BARBECUE MÓN NGON MỖI NGÀY VIVU TV,ViVU TV,2023-05-29,324,25,8097,1280,720
L26_V129,dahf0_Bk7uo,https://www.youtube.com/watch?v=dahf0_Bk7uo,BA RỌI RIM CHÁY CẠNH MÓN NGON MỖI NGÀY VIVU TV,ViVU TV,2023-05-20,325,25,8131,1280,720
L26_V130,acLUdleteN4,https://www.youtube.com/watch?v=acLUdleteN4,SANDWICH NÓNG PHÔ MAI THỊT NGUỘI MÓN NGON MỖI NGÀY VIVU TV,ViVU TV,2023-05-20,320,25,7993,1280,720
L26_V131,a0dO_yRPGhQ,https://www.youtube.com/watch?v=a0dO_yRPGhQ,BÁNH RÁN SOCOLA MÚT TẦM BÓP MÓN NGON MỖI NGÀY VIVU TV,ViVU TV,2023-05-19,324,25,8088,1280,720
L26_V132,NJnQNhpQOOA,https://www.youtube.com/watch?v=NJnQNhpQOOA,THỊT BÒ XÀO BÔNG SO ĐŨA MÓN NGON MỖI NGÀY VIVU TV,ViVU TV,2023-05-19,326,25,8151,1280,720
L26_V133,QIXYR0AAZgY,https://www.youtube.com/watch?v=QIXYR0AAZgY,CHẢ ỐC NƯỚNG LÁ LỐT MÓN NGON MỖI NGÀY VIVU TV,ViVU TV,2023-05-06,329,25,8231,1280,720
L26_V134,oonyhViozh4,https://www.youtube.com/watch?v=oonyhViozh4,CUA RANG XỐT TẮC MÓN NGON MỖI NGÀY VIVU TV,ViVU TV,2023-05-05,325,25,8123,1280,720
L26_V135,8VZWuhcO55I,https://www.youtube.com/watch?v=8VZWuhcO55I,PANCAKE TRỨNG KHUẤY MỀM XỐP NHƯ MÂY MÓN NGON MỖI NGÀY VIVU TV,ViVU TV,2023-04-29,327,25,8184,1280,720
L26_V136,tSOr7_wyWDA,https://www.youtube.com/watch?v=tSOr7_wyWDA,CHẢ GIO TÀU HỦ KY DAI GIÒN BẮT VỊ MÓN NGON MỖI NGÀY VIVU TV,ViVU TV,2023-04-28,328,25,8189,1280,720
L26_V137,txBHLRirY4o,https://www.youtube.com/watch?v=txBHLRirY4o,CÁNH GÀ NƯỚNG CAY Đậm đà vui miệng MÓN NGON MỖI NGÀY VIVU TV,ViVU TV,2023-04-22,326,25,8140,1280,720
L26_V138,LTFnkHOPboY,https://www.youtube.com/watch?v=LTFnkHOPboY,GỎI XOÀI TÔM SẢ MÓN NGON MỖI NGÀY VIVU TV,ViVU TV,2023-04-21,321,25,8034,1280,720
L26_V139,Nl8kAluQOkY,https://www.youtube.com/watch?v=Nl8kAluQOkY,Mềm ngọt Nồng Thơm Hấp Dẫn với LẨU VỊT TÍA TÔ MÓN NGON MỖI NGÀY VIVU TV,ViVU TV,2023-04-15,327,25,8174,1280,720
L26_V140,_zvsKiQKCG4,https://www.youtube.com/watch?v=_zvsKiQKCG4,CÁ TRỨNG CHIÊN GIÒN Cắn vào giòn tan mang bao cảm xúc MÓN NGON MỖI NGÀY VIVU TV,ViVU TV,2023-04-14,320,25,8003,1280,720
L26_V141,Ok6CBD7ycn0,https://www.youtube.com/watch?v=Ok6CBD7ycn0,SALAD BÒ RAU MÁ Đẹp da thanh nhiệt MÓN NGON MỖI NGÀY VIVU TV,ViVU TV,2023-04-08,325,25,8123,1280,720
L26_V142,DrwFFqaIYJ0,https://www.youtube.com/watch?v=DrwFFqaIYJ0,MÌ CĂN XỐT NẤM món chay ngon miệng cho cả gia đình MÓN NGON MỖI NGÀY VIVU TV,ViVU TV,2023-04-08,330,25,8249,1280,720
L26_V143,XyUWyThRFxw,https://www.youtube.com/watch?v=XyUWyThRFxw,CANH CHUA CÁ DỨA MỘT NẮNG Chua Cay Ngọt Thơm Chuẩn Vị Mẹ Nấu MÓN NGON MỖI NGÀY VIVU TV,ViVU TV,2023-04-07,332,25,8295,1280,720
L26_V144,wwWGrFavoYs,https://www.youtube.com/watch?v=wwWGrFavoYs,SANDWICH TRỨNG CÚT MAYONNAISE MÓN NGON MỖI NGÀY VIVU TV,ViVU TV,2023-04-07,326,25,8156,1280,720
L26_V145,PCld83AkaoE,https://www.youtube.com/watch?v=PCld83AkaoE,CANH BÍ ĐỎ HẠNH NHÂN Ngọt thanh nhẹ nhàng MÓN NGON MỖI NGÀY VIVU TV,ViVU TV,2023-04-01,327,25,8167,1280,720
L26_V146,GjpnR5uXS4k,https://www.youtube.com/watch?v=GjpnR5uXS4k,BAO TỬ KHÌA NƯỚC DỪA Nhai giòn sần sật thích mê tơi MÓN NGON MỖI NGÀY VIVU TV,ViVU TV,2023-03-31,333,25,8322,1280,720
L26_V147,iAXb1zf6wic,https://www.youtube.com/watch?v=iAXb1zf6wic,Mềm thơm đậm vị với CÀ TÍM NHỒI THỊT ÁP CHẢO MÓN NGON MỖI NGÀY VIVU TV,ViVU TV,2023-03-11,326,25,8160,1280,720
L26_V148,kntHqO2aBN0,https://www.youtube.com/watch?v=kntHqO2aBN0,GỎI XOÀI CÁ TRÊ Giòn Thơm Đậm Đà MÓN NGON MỖI NGÀY VIVU TV,ViVU TV,2023-03-10,328,25,8203,1280,720
L26_V149,AJAOpV2_yT8,https://www.youtube.com/watch?v=AJAOpV2_yT8,PANCAKE SẮC MÀU Thơm Ngọt Xốp Mềm Sắc Màu rực Rỡ MÓN NGON MỖI NGÀY VIVU TV,ViVU TV,2023-03-04,320,25,7999,1280,720
L26_V150,j_5M0GLdzWc,https://www.youtube.com/watch?v=j_5M0GLdzWc,Bung Tỏa Hương Thơm với MATCHA PLAN MÓN NGON MỖI NGÀY VIVU TV,ViVU TV,2023-03-03,308,25,7698,1280,720
L26_V151,5GjJ3z0AmRs,https://www.youtube.com/watch?v=5GjJ3z0AmRs,TÔM CÀNG ĐÚT LÒ Gấp Đôi Canxi Béo Thơm Hết Ý MÓN NGON MỖI NGÀY VIVU TV,ViVU TV,2023-02-25,331,25,8276,1280,720
L26_V152,QVdE2cFHyq0,https://www.youtube.com/watch?v=QVdE2cFHyq0,CANH CUA KHỔ QUA Dân Dã Chinh Phục Bữa Cơm Ngày Thường MÓN NGON MỖI NGÀY VIVU TV,ViVU TV,2023-02-24,330,25,8244,1280,720
L26_V153,UYAtXbzKin8,https://www.youtube.com/watch?v=UYAtXbzKin8,MỘC CỐM CHIÊN GIÒN Dẻo thơm tròn vị Dai giòn mê ly MÓN NGON MỖI NGÀY VIVU TV,ViVU TV,2023-02-18,328,25,8207,1280,720
L26_V154,ebkgyXWRFXw,https://www.youtube.com/watch?v=ebkgyXWRFXw,CANH CÁ CHÉP GIÒN NẤU NGHỆ Chua Thanh Ngọt Thịt Thích Mê MÓN NGON MỖI NGÀY VIVU TV,ViVU TV,2023-02-17,326,25,8151,1280,720
L26_V155,jIrwVckMI8g,https://www.youtube.com/watch?v=jIrwVckMI8g,BÚN BẮP BÒ CẢI CHUA Nước chua thanh sợi dai dai ai cũng thích MÓN NGON MỖI NGÀY VIVU TV,ViVU TV,2023-02-11,325,25,8129,1280,720
L26_V156,lBgNACoBMSs,https://www.youtube.com/watch?v=lBgNACoBMSs,SALAD CAM TÌNH YÊU Tươi mới diệu ngọt cho tình đầm thắm MÓN NGON MỖI NGÀY VIVU TV,ViVU TV,2023-02-10,328,25,8195,1280,720
L26_V157,pDhypT33yOM,https://www.youtube.com/watch?v=pDhypT33yOM,Tết Nguyên Tiêu bùng vị mới với NEM RÁN CHAY MÓN NGON MỖI NGÀY VIVU TV,ViVU TV,2023-02-09,327,25,8166,1280,720
L26_V158,nzbCt5BcQIk,https://www.youtube.com/watch?v=nzbCt5BcQIk,"Giòn thơm đậm đà, chua ngọt xuýt xoa với CÁ KÈO CHIÊN MÈ MÓN NGON MỖI NGÀY VIVU TV",ViVU TV,2023-02-09,328,25,8198,1280,720
L26_V159,5HePIHNLkLQ,https://www.youtube.com/watch?v=5HePIHNLkLQ,CƠM CHIÊN DƯA BÒ ĐƠN GIẢN NHƯNG NGON TUYỆT VỜI MÓN NGON MỖI NGÀY VIVU TV,ViVU TV,2023-01-28,322,25,8039,1280,720
L26_V160,0iKQPjLI010,https://www.youtube.com/watch?v=0iKQPjLI010,SƯỜN CHIÊN LÁ LỐT VỪA GIÒN VỪA THƠM MÓN NGON MỖI NGÀY VIVU TV,ViVU TV,2023-01-27,321,25,8030,1280,720
L26_V161,DVLpI0VjQF0,https://www.youtube.com/watch?v=DVLpI0VjQF0,CÁ SÒNG NƯỚNG MUỐI HẠT VỊ NGON LẠ QUÁ SÁ ĐÃ MÓN NGON MỖI NGÀY VIVU TV,ViVU TV,2023-01-21,324,25,8095,1280,720
L26_V162,Y9o3mjr4rFk,https://www.youtube.com/watch?v=Y9o3mjr4rFk,GÀ LUỘC XÔI GẤC ĐỎ RỰC MAY MẮN ĐÓN XUÂN SANG MÓN NGON MỖI NGÀY VIVU TV,ViVU TV,2023-01-20,327,25,8180,1280,720
L26_V163,RK7vQDr_Cq0,https://www.youtube.com/watch?v=RK7vQDr_Cq0,GAN XÀO LÁ CÀ RI NGON ĐẶC TRƯNG THƠM BỪNG TỪNG VỊ MÓN NGON MỖI NGÀY VIVU TV,ViVU TV,2023-01-14,326,25,8137,1280,720
L26_V164,ROhrB3piUek,https://www.youtube.com/watch?v=ROhrB3piUek,LẨU COLLAGEN BÉO BÙI KHÔNG NGẤY CHỈ THẤY THÊM XINH MÓN NGON MỖI NGÀY VIVU TV,ViVU TV,2023-01-13,323,25,8084,1280,720
L26_V165,urU_HEoU1gg,https://www.youtube.com/watch?v=urU_HEoU1gg,THỊT KHO TRỨNG MÓN ĂN TRUYỀN THỐNG MÓN NGON MỖI NGÀY VIVU TV,ViVU TV,2023-01-07,316,25,7895,1280,720
L26_V166,XaQa9brFLUw,https://www.youtube.com/watch?v=XaQa9brFLUw,LẨU CHÁO CHIM CÚT HẠT SEN MÓN NGON MỖI NGÀY VIVU TV,ViVU TV,2023-01-06,326,25,8161,1280,720
L26_V167,0HZa3wZfoG4,https://www.youtube.com/watch?v=0HZa3wZfoG4,PANCAKE HOA CÚC MÓN NGON MỖI NGÀY VIVU TV,ViVU TV,2022-12-31,326,25,8154,1280,720
L26_V168,SOGldr7j71M,https://www.youtube.com/watch?v=SOGldr7j71M,CHẢ MAI CUA LÁ LỐT MÓN NGON MỖI NGÀY VIVU TV,ViVU TV,2022-12-30,317,25,7922,1280,720
L26_V169,dYNHe0fYXXs,https://www.youtube.com/watch?v=dYNHe0fYXXs,CÁ TUYẾT XỐT NAN BAN MÓN NGON MỖI NGÀY VIVU TV,ViVU TV,2022-12-24,321,25,8035,1280,720
L26_V170,ZKJpWLeyefs,https://www.youtube.com/watch?v=ZKJpWLeyefs,CANH TÔM BÁNH GẠO MÓN NGON MỖI NGÀY VIVU TV,ViVU TV,2022-12-23,322,25,8058,1280,720
L26_V171,iqrH17ePJpU,https://www.youtube.com/watch?v=iqrH17ePJpU,TRỨNG HẤP HÀU RONG BIỂN THƠM NGON MỌNG NƯỚC BÉO NGỌT TỰ NHIÊN MÓN NGON MỖI NGÀY VIVU TV,ViVU TV,2022-12-03,321,25,8034,1280,720
L26_V172,eX90--QIvp4,https://www.youtube.com/watch?v=eX90--QIvp4,XÀO LĂN CHAY THẢO MỘC MÓN NGON MỖI NGÀY VIVU TV,ViVU TV,2022-12-02,323,25,8080,1280,720
L26_V173,mj4vAWGME1g,https://www.youtube.com/watch?v=mj4vAWGME1g,VỊT LỘN XÀO ME MÓN NGON MỖI NGÀY VIVU TV,ViVU TV,2022-11-26,321,25,8035,1280,720
L26_V174,qNcPXpmcldM,https://www.youtube.com/watch?v=qNcPXpmcldM,GÀ CHIÊN XỐT TARU TARU CẮN VÀO GIÒN TAN MANG BAO CẢM XÚC MÓN NGON MỖI NGÀY VIVU TV,ViVU TV,2022-11-25,324,25,8093,1280,720
L26_V175,R9U9njBBoxY,https://www.youtube.com/watch?v=R9U9njBBoxY,BẮP BÒ XÀO ĐẬU RỒNG MÓN NGON MỖI NGÀY VIVU TV,ViVU TV,2022-11-19,320,25,8008,1280,720
L26_V176,dtggbYokGNM,https://www.youtube.com/watch?v=dtggbYokGNM,CÁ TRẮM KHO RIỀNG ĐẬM ĐÀ ĐƯA CƠM MÓN NGON MỖI NGÀY VIVU TV,ViVU TV,2022-11-18,323,25,8071,1280,720
L26_V177,zD6FTlf0uHo,https://www.youtube.com/watch?v=zD6FTlf0uHo,MỰC XÀO XỐT TIÊU XANH NỒNG THƠM GIÒN NGỌT MÓN NGON MỖI NGÀY VIVU TV,ViVU TV,2022-11-05,322,25,8048,1280,720
L26_V178,8h9k5tBc9Ic,https://www.youtube.com/watch?v=8h9k5tBc9Ic,BÁNH ÍT TRẦN MỀM MỊN DẺO DAI CÀNG NHAI CÀNG KHOÁI MÓN NGON MỖI NGÀY VIVU TV,ViVU TV,2022-11-04,331,25,8268,1280,720
L26_V179,kuTXGaSg0Pg,https://www.youtube.com/watch?v=kuTXGaSg0Pg,LẨU KIM CHI CHÂN GÀ MÓN NGON MỖI NGÀY VIVU TV,ViVU TV,2022-10-29,323,25,8073,1280,720
L26_V180,yTx_z-AOamQ,https://www.youtube.com/watch?v=yTx_z-AOamQ,KHỔ QUA NHỒI NẤM KHO NƯỚC TƯƠNG MÓN NGON MỖI NGÀY VIVU TV,ViVU TV,2022-10-28,313,25,7823,1280,720
L26_V181,CymX2a-cZE4,https://www.youtube.com/watch?v=CymX2a-cZE4,BÒ LÁ LỐT CHIÊN MÓN NGON MỖI NGÀY VIVU TV,ViVU TV,2022-10-22,323,25,8066,1280,720
L26_V182,TN9t7Lp84u4,https://www.youtube.com/watch?v=TN9t7Lp84u4,MATCHA SỮA CACAO NGON BÁ ĐẠO KHÔNG HỀ ẢO MÓN NGON MỖI NGÀY VIVU TV,ViVU TV,2022-10-21,300,25,7505,1280,720
L26_V183,j3BITM60cyY,https://www.youtube.com/watch?v=j3BITM60cyY,SOUP ĐUÔI BÒ CHUA CAY MÓN NGON MỖI NGÀY VIVU TV KHOẢNH KHẮC CUỘC ĐỜI VIVU TV,ViVU TV,2022-10-15,327,25,8185,1280,720
L26_V184,MyVmuWTRTXA,https://www.youtube.com/watch?v=MyVmuWTRTXA,CÁNH GÀ CHIÊN BẮP PHÔ MAI MÓN NGON MỖI NGÀY VIVU TV,ViVU TV,2022-10-08,320,25,8000,1280,720
L26_V185,-T_9LhKOwuc,https://www.youtube.com/watch?v=-T_9LhKOwuc,LẨU CUA ĐỒNG MÓN NGON MỖI NGÀY VIVU TV,ViVU TV,2022-10-07,322,25,8052,1280,720
L26_V186,171F32Y7otE,https://www.youtube.com/watch?v=171F32Y7otE,"LẨU CHAO MỰC SỰ KẾT HỢP MỚI LẠ, THANH TAO MÓN NGON MỖI NGÀY VIVU TV",ViVU TV,2022-10-01,324,25,8087,1280,720
L26_V187,TmvxhlThOU4,https://www.youtube.com/watch?v=TmvxhlThOU4,CÁ LÓC NƯỚNG ỚT XIÊM XANH MÓN NGON MỖI NGÀY VIVU TV,ViVU TV,2022-09-30,320,25,8006,1280,720
L26_V188,y2hqfUIYHvM,https://www.youtube.com/watch?v=y2hqfUIYHvM,BÚN MẮM ĐẦM ẤM VỊ QUÊ MÓN NGON MỖI NGÀY VIVU TV,ViVU TV,2022-09-24,321,25,8033,1280,720
L26_V189,KFjCuu-boyw,https://www.youtube.com/watch?v=KFjCuu-boyw,GÀ ÁC TIỀM THUỐC BẮC MÓN NGON MỖI NGÀY VIVU TV,ViVU TV,2022-09-23,295,25,7375,1280,720
L26_V190,nCpBbOOfCNk,https://www.youtube.com/watch?v=nCpBbOOfCNk,CÁNH GÀ NGÂM SẢ TẮC MÓN NGON MỖI NGÀY VIVU TV,ViVU TV,2022-09-17,310,25,7740,1280,720
L26_V191,j8JySlBZ5SI,https://www.youtube.com/watch?v=j8JySlBZ5SI,BÁNH RÁN XÚC XÍCH BẮP VÀNG MÓN NGON MỖI NGÀY VIVU TV,ViVU TV,2022-09-10,294,25,7359,1280,720
L26_V192,p-sTCD_J530,https://www.youtube.com/watch?v=p-sTCD_J530,BÁNH KHỌT LÁ CẨM NHÂN NẤM HẠT SEN MÓN NGON MỖI NGÀY VIVU TV,ViVU TV,2022-09-09,319,25,7970,1280,720
L26_V193,mkO39aewcf0,https://www.youtube.com/watch?v=mkO39aewcf0,NGHÊU NƯỚNG XỐT ME NGON MÊ SAY MÓN NGON MỖI NGÀY VIVU TV,ViVU TV,2022-08-27,313,25,7823,1280,720
L26_V194,k674VQhvDPo,https://www.youtube.com/watch?v=k674VQhvDPo,MĂNG TÂY CHIÊN BIA XỐT CÁ NGỪ MÓN NGON MỖI NGÀY VIVU TV,ViVU TV,2022-08-26,318,25,7949,1280,720
L26_V195,Cxk2Bk2LWNw,https://www.youtube.com/watch?v=Cxk2Bk2LWNw,MỰC ỐNG HẤP CỦ SẮN MÓN NGON MỖI NGÀY VIVU TV,ViVU TV,2022-08-20,325,25,8112,1280,720
L26_V196,osKTolLRubc,https://www.youtube.com/watch?v=osKTolLRubc,KEM VỊ TRÀ MATCHA BLENDY MÓN NGON MỖI NGÀY VIVU TV,ViVU TV,2022-08-19,310,25,7760,1280,720
L26_V197,UVrl268vzeY,https://www.youtube.com/watch?v=UVrl268vzeY,BAO TỬ KHÌA XÁ XỊ MÓN NGON MỖI NGÀY VIVU TV,ViVU TV,2022-08-13,318,25,7951,1280,720
L26_V198,LWTx34iyqn8,https://www.youtube.com/watch?v=LWTx34iyqn8,MÍT NON KHO NẤM NGON NHƯ Ý MÓN NGON MỖI NGÀY VIVU TV,ViVU TV,2022-08-06,318,25,7941,1280,720
L26_V199,yZ93hdzWzBk,https://www.youtube.com/watch?v=yZ93hdzWzBk,CỐT LẾT CHIÊN XỐT HÚNG CHANH MÓN NGON MỖI NGÀY VIVU TV,ViVU TV,2022-07-30,322,25,8059,1280,720
L26_V200,BPSHU456L1U,https://www.youtube.com/watch?v=BPSHU456L1U,BÁNH RÁN TRÁI CÂY XỐP MỀM TƯƠI NGON MÓN NGON MỖI NGÀY VIVU TV,ViVU TV,2022-07-29,322,25,8043,1280,720
L26_V201,_tIAL5eziNA,https://www.youtube.com/watch?v=_tIAL5eziNA,CÁ THU XỐT THẢO MỘC MÓN NGON MỖI NGÀY VIVU TV,ViVU TV,2022-07-23,319,25,7963,1280,720
L26_V202,pGvzwj1UJ8g,https://www.youtube.com/watch?v=pGvzwj1UJ8g,PANCAKE JAMBON TRỨNG CÚT MÓN NGON MỖI NGÀY VIVU TV,ViVU TV,2022-07-22,321,25,8016,1280,720
L26_V203,-yP4nYfuTHE,https://www.youtube.com/watch?v=-yP4nYfuTHE,BẮT VI NGON CƠM CÙNG THỊT VỊT XÀO CỦ CẢI MUỐI MÓN NGON MỖI NGÀY VIVU TV,ViVU TV,2022-07-16,327,25,8164,1280,720
L26_V204,xh1sd5d3SPc,https://www.youtube.com/watch?v=xh1sd5d3SPc,BỮA SÁNG CHẤT LƯỢNG VỚI XÔI XÁ XÍU MÓN NGON MỖI NGÀY VIVU TV,ViVU TV,2022-07-15,325,25,8115,1280,720
L26_V205,Y-ImrEyKWYk,https://www.youtube.com/watch?v=Y-ImrEyKWYk,BÒ NƯỚNG LÁ CÁCH MÓN NGON MỖI NGÀY VIVU TV,ViVU TV,2022-07-09,319,25,7973,1280,720
L26_V206,PInFIIZ4lNw,https://www.youtube.com/watch?v=PInFIIZ4lNw,CANH CHUA ĐẦU CÁ HỒI MÓN NGON MỖI NGÀY VIVU TV,ViVU TV,2022-07-08,319,25,7978,1280,720
L26_V207,kmMGeTsuM2Q,https://www.youtube.com/watch?v=kmMGeTsuM2Q,SAKE CHIÊN GIÒN 2 VỊ MÓN NGON MỖI NGÀY VIVU TV,ViVU TV,2022-07-02,316,25,7904,1280,720
L26_V208,D8RgVCetC-g,https://www.youtube.com/watch?v=D8RgVCetC-g,TIM HEO XÀO MĂNG TÂY MÓN NGON MỖI NGÀY VIVU TV,ViVU TV,2022-07-01,324,25,8087,1280,720
L26_V209,UUr7uLYjkDE,https://www.youtube.com/watch?v=UUr7uLYjkDE,ẾCH OM TỎI MÓN NGON MỖI NGÀY VIVU TV,ViVU TV,2022-06-25,319,25,7968,1280,720
L26_V210,aSBfMk5FZlU,https://www.youtube.com/watch?v=aSBfMk5FZlU,MÌ TRỘN XỐT MAYONNAISE MÓN NGON MỖI NGÀY VIVU TV,ViVU TV,2022-06-24,319,25,7976,1280,720
L26_V211,tfTwi1neVkM,https://www.youtube.com/watch?v=tfTwi1neVkM,CÁ CƠM THAN CHIÊN MÈ XỐT ME MÓN NGON MỖI NGÀY VIVU TV,ViVU TV,2022-06-23,320,25,7993,1280,720
L26_V212,qi_juJ0Lu18,https://www.youtube.com/watch?v=qi_juJ0Lu18,TÔM CÀNG KHO TRỨNG MUỐI MÓN NGON MỖI NGÀY VIVU TV,ViVU TV,2022-06-18,325,25,8119,1280,720
L26_V213,W5Jpc3FMFF0,https://www.youtube.com/watch?v=W5Jpc3FMFF0,PHỞ TRỘN MÓN NGON MỖI NGÀY VIVU TV,ViVU TV,2022-06-17,312,25,7792,1280,720
L26_V214,FjHxy7vQSNc,https://www.youtube.com/watch?v=FjHxy7vQSNc,BÁNH CANH CHAY MÓN NGON MỖI NGÀY VIVU TV,ViVU TV,2022-06-16,324,25,8090,1280,720
L26_V215,HVe_Jjf_agI,https://www.youtube.com/watch?v=HVe_Jjf_agI,LẨU VỊT HẦM SẢ MÓN NGON MỖI NGÀY VIVU TV,ViVU TV,2022-06-11,300,25,7497,1280,720
L26_V216,MIfibZBhqSY,https://www.youtube.com/watch?v=MIfibZBhqSY,LƯỜN CÁ HỒI CHIÊN NƯỚC MẮM MÓN NGON MỖI NGÀY VIVU TV,ViVU TV,2022-06-10,318,25,7956,1280,720
L26_V217,JFtVRf0qI10,https://www.youtube.com/watch?v=JFtVRf0qI10,SALAD CUA TÁO XANH MÓN NGON MỖI NGÀY VIVU TV,ViVU TV,2022-06-09,326,25,8142,1280,720
L26_V218,0L8hwHKbf-w,https://www.youtube.com/watch?v=0L8hwHKbf-w,SƯỜN CHIÊN XỐT MẶN MÓN NGON MỖI NGÀY VIVU TV,ViVU TV,2022-06-04,317,25,7912,1280,720
L26_V219,bvAIo6br4l0,https://www.youtube.com/watch?v=bvAIo6br4l0,CÀ RI GÀ MÓN NGON MỖI NGÀY VIVU TV,ViVU TV,2022-06-03,319,25,7980,1280,720
L26_V220,SWOHxSIc4Sw,https://www.youtube.com/watch?v=SWOHxSIc4Sw,LẨU CÁ VIÊN NẤU SẤU MÓN NGON MỖI NGÀY VIVU TV,ViVU TV,2022-06-02,324,25,8106,1280,720
L26_V221,n-T4J76fIZA,https://www.youtube.com/watch?v=n-T4J76fIZA,DỒI TRƯỜNG HẤP HÀNH GỪNG MÓN NGON MỖI NGÀY VIVU TV,ViVU TV,2022-05-28,299,25,7467,1280,720
L26_V222,1xQVChdOA1U,https://www.youtube.com/watch?v=1xQVChdOA1U,BẮP CẢI TÍM TRỘN TÔM MÓN NGON MỖI NGÀY VIVU TV,ViVU TV,2022-05-27,316,25,7889,1280,720
L26_V223,QNjlCJOYMEY,https://www.youtube.com/watch?v=QNjlCJOYMEY,CANH KHỔ QUA HẦM THỊT MÓN NGON MỖI NGÀY VIVU TV,ViVU TV,2022-05-26,311,25,7781,1280,720
L26_V224,4Qbu-E3hAaI,https://www.youtube.com/watch?v=4Qbu-E3hAaI,TÔM CHIÊN GIÒN XỐT TRỨNG MUỐI MÓN NGON MỖI NGÀY VIVU TV,ViVU TV,2022-05-21,322,25,8054,1280,720
L26_V225,AJJHahQmdwg,https://www.youtube.com/watch?v=AJJHahQmdwg,SƯỜN NƯỚNG TIÊU MÓN NGON MỖI NGÀY VIVU TV,ViVU TV,2022-05-20,323,25,8074,1280,720
L26_V226,C_HYkZoZanY,https://www.youtube.com/watch?v=C_HYkZoZanY,SANDWICH TRÁI CÂY CHIÊN GIÒN MÓN NGON MỖI NGÀY VIVU TV,ViVU TV,2022-05-19,328,25,8207,1280,720
L26_V227,Q-dpRfH7DiI,https://www.youtube.com/watch?v=Q-dpRfH7DiI,CANH CHUA VỊ THÁI MÓN NGON MỖI NGÀY VIVU TV,ViVU TV,2022-05-12,325,25,8130,1280,720
L26_V228,u0DFdf5iOqE,https://www.youtube.com/watch?v=u0DFdf5iOqE,CUA LỘT CHIÊN GIÒN MÓN NGON MỖI NGÀY VIVU TV,ViVU TV,2022-05-07,291,25,7271,1280,720
L26_V229,cgRU9QrX11s,https://www.youtube.com/watch?v=cgRU9QrX11s,KHAI VỊ CÁ HỒI MÓN NGON MỖI NGÀY VIVU TV,ViVU TV,2022-05-06,319,25,7979,1280,720
L26_V230,8v7wcDw5_08,https://www.youtube.com/watch?v=8v7wcDw5_08,LẨU NẤM CHAY MÓN NGON MỖI NGÀY VIVU TV,ViVU TV,2022-05-05,317,25,7930,1280,720
L26_V231,X7QFY0IsahY,https://www.youtube.com/watch?v=X7QFY0IsahY,CÁ HỒI CUỘN BƠ CHIÊN GIÒN MÓN NGON MỖI NGÀY VIVU TV,ViVU TV,2022-04-30,322,25,8036,1280,720
L26_V232,mPCtbPYvWy0,https://www.youtube.com/watch?v=mPCtbPYvWy0,ỐC HƯƠNG XÀO CỦ HŨ DỪA MÓN NGON MỖI NGÀY VIVU TV,ViVU TV,2022-04-29,325,25,8115,1280,720
L26_V233,ohts95jErkw,https://www.youtube.com/watch?v=ohts95jErkw,PANCAKE XOÀI KEM TƯƠI MÓN NGON MỖI NGÀY VIVU TV,ViVU TV,2022-04-28,296,25,7393,1280,720
L26_V234,F8OPdp-KVf4,https://www.youtube.com/watch?v=F8OPdp-KVf4,CÁNH GÀ CHIÊN DỪA MÓN NGON MỖI NGÀY VIVU TV,ViVU TV,2022-04-23,326,25,8159,1280,720
L26_V235,T6QGyWH3JiQ,https://www.youtube.com/watch?v=T6QGyWH3JiQ,BÚN SƯỜN NON NẤU CHUỐI ĐẬU MÓN NGON MỖI NGÀY VIVU TV,ViVU TV,2022-04-22,309,25,7723,1280,720
L26_V236,IAZfFm3fcuE,https://www.youtube.com/watch?v=IAZfFm3fcuE,CANH HÀO SỮA MĂNG CHUA MÓN NGON MỖI NGÀY VIVU TV,ViVU TV,2022-04-09,301,25,7536,1280,720
L26_V237,_qCNTh_m5y4,https://www.youtube.com/watch?v=_qCNTh_m5y4,TRỨNG CÚT XÀO CHUA NGỌT MÓN NGON MỖI NGÀY VIVU TV,ViVU TV,2022-04-08,317,25,7911,1280,720
L26_V238,wBDYtAe_H8c,https://www.youtube.com/watch?v=wBDYtAe_H8c,LẨU GÀ CHUA CAY MÓN NGON MỖI NGÀY VIVU TV,ViVU TV,2022-04-07,309,25,7716,1280,720
L26_V239,a4O0BwF0fDo,https://www.youtube.com/watch?v=a4O0BwF0fDo,SALAD TÔM THANH MÁT MÓN NGON MỖI NGÀY VIVU TV,ViVU TV,2022-04-02,319,25,7981,1280,720
L26_V240,yN1nBn33wfk,https://www.youtube.com/watch?v=yN1nBn33wfk,CÁ ĐIÊU HỒNG NƯỚNG RIỀNG MẺ MÓN NGON MỖI NGÀY VIVU TV,ViVU TV,2022-04-01,294,25,7342,1280,720
L26_V241,FW8FsYSyo6o,https://www.youtube.com/watch?v=FW8FsYSyo6o,BÒ BEEFSTEAK MÓN NGON MỖI NGÀY VIVU TV,ViVU TV,2022-03-31,310,25,7740,1280,720
L26_V242,TqhpA_ltsAg,https://www.youtube.com/watch?v=TqhpA_ltsAg,CHẢ CÁ THÌ LÀ MÓN NGON MỖI NGÀY VIVU TV,ViVU TV,2022-03-26,317,25,7916,1280,720
L26_V243,9J4Id9z-44U,https://www.youtube.com/watch?v=9J4Id9z-44U,BÁNH RÁN BƠ DỪA MÓN NGON MỖI NGÀY VIVU TV,ViVU TV,2022-03-25,318,25,7945,1280,720
L26_V244,YdiBf0clOwU,https://www.youtube.com/watch?v=YdiBf0clOwU,SƯỜN NẤU ĐẬU NGỰ MÓN NGON MỖI NGÀY VIVU TV,ViVU TV,2022-03-24,322,25,8040,1280,720
L26_V245,OdRWK23BBHM,https://www.youtube.com/watch?v=OdRWK23BBHM,CÁ THU CHIÊN NGHỆ MÓN NGON MỖI NGÀY VIVU TV,ViVU TV,2022-03-19,319,25,7975,1280,720
L26_V246,UGWYzpIAMig,https://www.youtube.com/watch?v=UGWYzpIAMig,GIÒ HEO HON DỪA NƯỚC MÓN NGON MỖI NGÀY VIVU TV,ViVU TV,2022-03-18,319,25,7968,1280,720
L26_V247,0FYO04mB24Q,https://www.youtube.com/watch?v=0FYO04mB24Q,ĐÙI GÀ ÁP CHẢO XỐT THƠM MÓN NGON MỖI NGÀY VIVU TV,ViVU TV,2022-03-17,319,25,7978,1280,720
L26_V248,0tW4scga504,https://www.youtube.com/watch?v=0tW4scga504,BÁNH GÀ CHIÊN XỐT MÈ MÓN NGON MỖI NGÀY VIVU TV,ViVU TV,2022-03-12,319,25,7983,1280,720
L26_V249,h8TfdoVyTSU,https://www.youtube.com/watch?v=h8TfdoVyTSU,HOÀNH THÁNH CHAY MÓN NGON MỖI NGÀY VIVU TV,ViVU TV,2022-03-11,318,25,7943,1280,720
L26_V250,ySMvBS_jpFY,https://www.youtube.com/watch?v=ySMvBS_jpFY,CANH CHUA TÔM NƯỚC TRONG MÓN NGON MỖI NGÀY VIVU TV,ViVU TV,2022-03-10,320,25,7995,1280,720
L26_V251,JpFLzLdj1Eg,https://www.youtube.com/watch?v=JpFLzLdj1Eg,CUỘN RONG BIỂN CHIÊN GIÒN MÓN NGON MỖI NGÀY VIVU TV,ViVU TV,2022-03-05,319,25,7971,1280,720
L26_V252,5-rhF4QGzr8,https://www.youtube.com/watch?v=5-rhF4QGzr8,COOKIES BLENDY DÂU 3 MÀU MÓN NGON MỖI NGÀY VIVU TV,ViVU TV,2022-03-04,319,25,7982,1280,720
L26_V253,rkIKFFV-s30,https://www.youtube.com/watch?v=rkIKFFV-s30,CANH SƯỜN BÒ CỦ SEN MÓN NGON MỖI NGÀY VIVU TV,ViVU TV,2022-03-03,318,25,7937,1280,720
L26_V254,Wo65-e-nKl4,https://www.youtube.com/watch?v=Wo65-e-nKl4,NGHÊU KHO TỘ MÓN NGON MỖI NGÀY VIVU TV,ViVU TV,2022-02-26,312,25,7809,1280,720
L26_V255,De-QNRW2oZE,https://www.youtube.com/watch?v=De-QNRW2oZE,ĐÙI GÀ CHIÊN CAY MÓN NGON MỖI NGÀY VIVU TV,ViVU TV,2022-02-25,312,25,7810,1280,720
L26_V256,Nvz9K8zzAGo,https://www.youtube.com/watch?v=Nvz9K8zzAGo,VỊT XÀO LÁ MẮC MẬT MÓN NGON MỖI NGÀY VIVU TV,ViVU TV,2022-02-24,320,25,7993,1280,720
L26_V257,Atq_v9a_kDk,https://www.youtube.com/watch?v=Atq_v9a_kDk,SƯỜN NON XÔT GIẤM ĐỎ MÓN NGON MỖI NGÀY VIVU TV,ViVU TV,2022-02-19,324,25,8090,1280,720
L26_V258,7hsu0E5y8bY,https://www.youtube.com/watch?v=7hsu0E5y8bY,CANH GIÒ HEO RAU CỦ MÓN NGON MỖI NGÀY VIVU TV,ViVU TV,2022-02-18,323,25,8072,1280,720
L26_V259,uUNz6RIH1zc,https://www.youtube.com/watch?v=uUNz6RIH1zc,CHẢ TÔM NHỒI MỰC NƯỚNG MÓN NGON MỖI NGÀY VIVU TV,ViVU TV,2022-02-17,322,25,8059,1280,720
L26_V260,ONl_9EutZx4,https://www.youtube.com/watch?v=ONl_9EutZx4,BÒ KHO CHAY MÓN NGON MỖI NGÀY VIVU TV,ViVU TV,2022-02-12,322,25,8038,1280,720
L26_V261,iJynfKvab8Q,https://www.youtube.com/watch?v=iJynfKvab8Q,RA GU CHÂN NẤM MÓN NGON MỖI NGÀY VIVU TV,ViVU TV,2022-02-11,328,25,8196,1280,720
L26_V262,DKP6uZsYESY,https://www.youtube.com/watch?v=DKP6uZsYESY,MÌ Ý XỐT NẤM MÓN NGON MỖI NGÀY VIVU TV,ViVU TV,2022-02-10,320,25,8007,1280,720
L26_V263,G4bSOLVNDNQ,https://www.youtube.com/watch?v=G4bSOLVNDNQ,ẾCH KHO MĂNG LÁ QUẾ MÓN NGON MỖI NGÀY VIVU TV,ViVU TV,2022-02-09,324,25,8088,1280,720
L26_V264,Etw9aEk0_eU,https://www.youtube.com/watch?v=Etw9aEk0_eU,BACON CUỘN HÀNH TÂY PHÔ MAI MÓN NGON MỖI NGÀY VIVU TV,ViVU TV,2022-02-08,325,25,8112,1280,720
L26_V265,6s3LaPdvMz0,https://www.youtube.com/watch?v=6s3LaPdvMz0,CÁ CƠM CHIÊN BÔNG HẸ MÓN NGON MỖI NGÀY VIVU TV,ViVU TV,2022-02-07,325,25,8133,1280,720
L26_V266,BfZRg3dSHSc,https://www.youtube.com/watch?v=BfZRg3dSHSc,CANH CÁ HỒNG MÓN NGON MỖI NGÀY VIVU TV,ViVU TV,2022-01-29,325,25,8136,1280,720
L26_V267,9LFmPp8xHFk,https://www.youtube.com/watch?v=9LFmPp8xHFk,NỘM LƯỠI LỢN SU HÀO MÓN NGON MỖI NGÀY VIVU TV,ViVU TV,2022-01-28,321,25,8029,1280,720
L26_V268,hfJAtdCZCLo,https://www.youtube.com/watch?v=hfJAtdCZCLo,BẮP CẢI HẤP NẤM TÔM MÓN NGON MỖI NGÀY VIVU TV,ViVU TV,2022-01-27,326,25,8138,1280,720
L26_V269,HYEss-3IBeo,https://www.youtube.com/watch?v=HYEss-3IBeo,GỎI HOA CHUỐI THỊT GÀ CHAY MÓN NGON MỖI NGÀY VIVU TV,ViVU TV,2022-01-01,325,25,8131,1280,720
L26_V270,qJdovwIJgc0,https://www.youtube.com/watch?v=qJdovwIJgc0,CÁ SAPA NHỒI NGỌC KÊ NƯỚNG MÓN NGON MỖI NGÀY VIVU TV,ViVU TV,2021-12-31,321,25,8015,1280,720
L26_V271,zpa0HhoDQ9k,https://www.youtube.com/watch?v=zpa0HhoDQ9k,XÔI GÀ ĐẬU XANH MÓN NGON MỖI NGÀY VIVU TV,ViVU TV,2021-12-30,322,25,8060,1280,720
L26_V272,jMI88HGpJdY,https://www.youtube.com/watch?v=jMI88HGpJdY,ĐẬU BẮP NHỒI CHẢ CÁ CHIÊN MÓN NGON MỖI NGÀY VIVU TV,ViVU TV,2021-12-25,327,25,8166,1280,720
L26_V273,nWQDKMV3usM,https://www.youtube.com/watch?v=nWQDKMV3usM,PANCAKE XẾP NHÂN SẦU RIÊNG MÓN NGON MỖI NGÀY VIVU TV,ViVU TV,2021-12-24,320,25,8010,1280,720
L26_V274,uFGV2cuLLkQ,https://www.youtube.com/watch?v=uFGV2cuLLkQ,CÁNH GÀ XỐT MÙ TẠT MÓN NGON MỖI NGÀY VIVU TV,ViVU TV,2021-12-23,325,25,8130,1280,720
L26_V275,PS_R03IXD1Y,https://www.youtube.com/watch?v=PS_R03IXD1Y,TÔM CHIÊN DỪA MÓN NGON MỖI NGÀY VIVU TV,ViVU TV,2021-12-18,325,25,8126,1280,720
L26_V276,-jDdAZZteSY,https://www.youtube.com/watch?v=-jDdAZZteSY,KHOAI TÂY VIÊN CHIÊN XÙ MÓN NGON MỖI NGÀY VIVU TV,ViVU TV,2021-12-17,327,25,8181,1280,720
L26_V277,IDGkB9ofy30,https://www.youtube.com/watch?v=IDGkB9ofy30,HỒ LÔ CÁ MÓN NGON MỖI NGÀY VIVU TV,ViVU TV,2021-12-11,325,25,8119,1280,720
L26_V278,kQreulyoes8,https://www.youtube.com/watch?v=kQreulyoes8,CÁ BÓP KHO TỘ THỊT BA RỌI MÓN NGON MỖI NGÀY VIVU TV,ViVU TV,2021-12-05,327,25,8173,1280,720
L26_V279,xbwzhKmxUB8,https://www.youtube.com/watch?v=xbwzhKmxUB8,BÁNH RÁN SOCOLA XỐT TÁO MÓN NGON MỖI NGÀY VIVU TV,ViVU TV,2021-12-04,315,25,7863,1280,720
L26_V280,cP2zWggBfEs,https://www.youtube.com/watch?v=cP2zWggBfEs,TRỨNG CUỘN KIỂU NHẬT MÓN NGON MỖI NGÀY VIVU TV,ViVU TV,2021-12-03,319,25,7980,1280,720
L26_V281,XntJwAE2tBY,https://www.youtube.com/watch?v=XntJwAE2tBY,MỰC XÀO SẢ ỚT MÓN NGON MỖI NGÀY VIVU TV,ViVU TV,2021-11-28,323,25,8081,1280,720
L26_V282,FXUu02eBp6Q,https://www.youtube.com/watch?v=FXUu02eBp6Q,CANH CHUA SƯỜN NON MÓN NGON MỖI NGÀY VIVU TV,ViVU TV,2021-11-27,315,25,7881,1280,720
L26_V283,HX3Fx7j8bbg,https://www.youtube.com/watch?v=HX3Fx7j8bbg,CỐT LẾT CHIÊN SẢ ỚT MÓN NGON MỖI NGÀY VIVU TV,ViVU TV,2021-11-26,327,25,8173,1280,720
L26_V284,7HBqqgGg78w,https://www.youtube.com/watch?v=7HBqqgGg78w,CÁ NỤC XỐT THƠM MÓN NGON MỖI NGÀY VIVU TV,ViVU TV,2021-11-20,325,25,8125,1280,720
L26_V285,2t9EezJ-CTM,https://www.youtube.com/watch?v=2t9EezJ-CTM,BÁNH GẠO XÀO CAY MÓN NGON MỖI NGÀY VIVU TV,ViVU TV,2021-11-19,324,25,8093,1280,720
L26_V286,WV-Fb7z9pHw,https://www.youtube.com/watch?v=WV-Fb7z9pHw,ĐẬU HỦ NON XỐT CAY MÓN NGON MỖI NGÀY VIVU TV,ViVU TV,2021-11-19,327,25,8164,1280,720
L26_V287,KilZphBUWt0,https://www.youtube.com/watch?v=KilZphBUWt0,NGON LIÊU XIÊU VỚI HỦ TIẾU XÀO SÒ HUYẾT MÓN NGON MỖI NGÀY VIVU TV,ViVU TV,2021-11-14,318,25,7946,1280,720
L26_V288,a1nlbNBAGLU,https://www.youtube.com/watch?v=a1nlbNBAGLU,MÁT LẠNH TỪNG GIÂY VỚI SMOOTHIE TRÀ SỮA DÂU MÓN NGON MỖI NGÀY VIVU TV,ViVU TV,2021-11-13,327,25,8169,1280,720
L26_V289,oXmG2V3aceE,https://www.youtube.com/watch?v=oXmG2V3aceE,BÁNH MÌ NƯỚNG TỎI MÓN NGON MỖI NGÀY VIVU TV,ViVU TV,2021-11-12,304,25,7603,1280,720
L26_V290,qnR80Jcr570,https://www.youtube.com/watch?v=qnR80Jcr570,CƠM CHIÊN DƯƠNG CHÂU MÓN NGON MỖI NGÀY VIVU TV,ViVU TV,2021-11-07,317,25,7932,1280,720
L26_V291,I_QgjLh9TJY,https://www.youtube.com/watch?v=I_QgjLh9TJY,BÁNH RÁN NHÂN KHOAI LANG MÓN NGON MỖI NGÀY VIVU TV,ViVU TV,2021-11-06,298,25,7443,1280,720
L26_V292,t7VyS5wBquE,https://www.youtube.com/watch?v=t7VyS5wBquE,CHẢ LỤA CHAY KHO THƠM MÓN NGON MỖI NGÀY VIVU TV,ViVU TV,2021-11-05,330,25,8244,1280,720
L26_V293,wnIlJLsLKfc,https://www.youtube.com/watch?v=wnIlJLsLKfc,SƯỜN NON KHO CỦ SEN MÓN NGON MỖI NGÀY VIVU TV,ViVU TV,2021-10-31,319,25,7968,1280,720
L26_V294,SetsFM5soWU,https://www.youtube.com/watch?v=SetsFM5soWU,LẨU XÍ QUÁCH KIM CHI MÓN NGON MỖI NGÀY VIVU TV,ViVU TV,2021-10-31,320,25,7995,1280,720
L26_V295,86WbugXowW4,https://www.youtube.com/watch?v=86WbugXowW4,CÁNH GÀ CHIÊN NƯỚC MẮM MÓN NGON MỖI NGÀY VIVU TV,ViVU TV,2021-10-30,322,25,8044,1280,720
L26_V296,6Qz8NYnrsZk,https://www.youtube.com/watch?v=6Qz8NYnrsZk,BÁNH NẾP NHÂN SÒ ĐIỆP MÓN NGON MỖI NGÀY VIVU TV,ViVU TV,2021-08-22,308,25,7705,1280,720
L26_V297,qGbYJmZX584,https://www.youtube.com/watch?v=qGbYJmZX584,PANCAKE HẠNH NHÂN ĐẬU ĐỎ MÓN NGON MỖI NGÀY VIVU TV,ViVU TV,2021-08-21,309,25,7725,1280,720
L26_V298,kBii1DFcpmU,https://www.youtube.com/watch?v=kBii1DFcpmU,SALAD TRÁI THƠM MAYO MÓN NGON MỖI NGÀY VIVU TV,ViVU TV,2021-08-20,308,25,7693,1280,720
L26_V299,oXr_C6KOIys,https://www.youtube.com/watch?v=oXr_C6KOIys,GÀ HẤP LÁ É MÓN NGON MỖI NGÀY VIVU TV,ViVU TV,2021-08-14,307,25,7682,1280,720
L26_V300,Tb702amAZpI,https://www.youtube.com/watch?v=Tb702amAZpI,CANH CHẢ TÔM CHÙM NGÂY MÓN NGON MỖI NGÀY VIVU TV,ViVU TV,2021-08-08,313,25,7834,1280,720
L26_V301,u0Du1HN2AjU,https://www.youtube.com/watch?v=u0Du1HN2AjU,SALAD MỰC PHỔ TAI MÓN NGON MỖI NGÀY VIVU TV,ViVU TV,2021-08-07,306,25,7655,1280,720
L26_V302,OIHBvGmHDQA,https://www.youtube.com/watch?v=OIHBvGmHDQA,BÁNH RÁN TRỨNG PHÔ MAI MÓN NGON MỖI NGÀY VIVU TV,ViVU TV,2021-08-06,310,25,7753,1280,720
L26_V303,TZKbVRJmMK8,https://www.youtube.com/watch?v=TZKbVRJmMK8,RAU CỦ XÀO ĐẬU HỦ XỐT MÈ MÓN NGON MỖI NGÀY VIVU TV,ViVU TV,2021-08-01,317,25,7927,1280,720
L26_V304,m1ySeswtnNE,https://www.youtube.com/watch?v=m1ySeswtnNE,SALAD MÙA HÈ MÓN NGON MỖI NGÀY VIVU TV,ViVU TV,2021-07-31,312,25,7798,1280,720
L26_V305,M_WuJ7y00k8,https://www.youtube.com/watch?v=M_WuJ7y00k8,LẨU BÒ VỊ THÁI MÓN NGON MỖI NGÀY VIVU TV,ViVU TV,2021-07-30,319,25,7984,1280,720
L26_V306,9iqhYp5DvfM,https://www.youtube.com/watch?v=9iqhYp5DvfM,CÁ TRỨNG CHẤM TƯƠNG ME GIÒN THƠM BẮT VỊ MÓN NGON MỖI NGÀY VIVU TV,ViVU TV,2021-07-25,317,25,7916,1280,720
L26_V307,X4KUErpcNRU,https://www.youtube.com/watch?v=X4KUErpcNRU,MÌ CĂN KHO NẤM-CHÁO LÁ DỨA SÁNH BÙI THƠM NGÁT MÓN NGON MỖI NGÀY VIVU TV,ViVU TV,2021-07-24,324,25,8110,1280,720
L26_V308,0iz7ILLFzA8,https://www.youtube.com/watch?v=0iz7ILLFzA8,MƯỚP XÀO ĐẬU PHỘNG MÓN NGON MỖI NGÀY VIVU TV,ViVU TV,2021-07-23,320,25,7999,1280,720
L26_V309,jHp4AFQbBq4,https://www.youtube.com/watch?v=jHp4AFQbBq4,TẬN HƯỞNG VỊ NGỌT NGÀO VỚI TRÀ SỮA HẠT É SƯƠNG SÂM MÓN NGON MỖI NGÀY VIVU TV,ViVU TV,2021-07-18,312,25,7796,1280,720
L26_V310,QaPQzZtJ59o,https://www.youtube.com/watch?v=QaPQzZtJ59o,NÓNG GIÒN CÙNG BÁNH MÌ KẸP CÁ CHIÊN XÙ MÓN NGON MỖI NGÀY VIVU TV,ViVU TV,2021-07-17,292,25,7303,1280,720
L26_V311,is4fcdOY3DM,https://www.youtube.com/watch?v=is4fcdOY3DM,CÁ HỒI NƯỚNG TẮC MẬT ONG_THƠM LÙNG BỪNG GIAN BẾP MÓN NGON MỖI NGÀY VIVU TV,ViVU TV,2021-07-16,321,25,8023,1280,720
L26_V312,QqSE5QV_Fic,https://www.youtube.com/watch?v=QqSE5QV_Fic,DỒI ỐC LÁ TRÚC_HƯƠNG VẤN VƯƠNG VỊ NHỚ THƯƠNG MÓN NGON MỖI NGÀY VIVU TV,ViVU TV,2021-07-11,321,25,8029,1280,720
L26_V313,39kUZkr0u_w,https://www.youtube.com/watch?v=39kUZkr0u_w,NGỌT GIÒN NGON CHẤT NGẤT VỚI MĂNG TÂY XÀO TÔM MỰC MÓN NGON MỖI NGÀY VIVU TV,ViVU TV,2021-07-10,324,25,8087,1280,720
L26_V314,oxizVVMWNHI,https://www.youtube.com/watch?v=oxizVVMWNHI,LƯƠN KHO CÀ TÍM MÓN NGON MỖI NGÀY VIVU TV,ViVU TV,2021-07-09,321,25,8028,1280,720
L26_V315,8l9CDeR_q00,https://www.youtube.com/watch?v=8l9CDeR_q00,CANH GÀ LÁ ME_CHUA THANH BẮT VỊ MÓN NGON MỖI NGÀY VIVU TV,ViVU TV,2021-07-04,307,25,7665,1280,720
L26_V316,nZ8rV5OFfK4,https://www.youtube.com/watch?v=nZ8rV5OFfK4,SALAD BẮP TÔM_ÔM TRỌN VỊ NGON MÓN NGON MỖI NGÀY VIVU TV,ViVU TV,2021-07-03,325,25,8113,1280,720
L26_V317,3VMF58Qnt9c,https://www.youtube.com/watch?v=3VMF58Qnt9c,CHÂN GÀ TIỀM ĐẬU ĐEN MÓN NGON MỖI NGÀY VIVU TV,ViVU TV,2021-07-02,316,25,7899,1280,720
L26_V318,9FaiixMYXfk,https://www.youtube.com/watch?v=9FaiixMYXfk,SANDWICH NƯỚNG TRỨNG XỐT MAYONNAISE NÓNG GIÒN BỔ DƯỠNG MÓN NGON MỖI NGÀY VIVU TV,ViVU TV,2021-06-27,309,25,7726,1280,720
L26_V319,1h4SqhwjviQ,https://www.youtube.com/watch?v=1h4SqhwjviQ,GIÒN THƠM VỚI HOÀNH THÁNH BẮP CHIÊN MÓN NGON MỖI NGÀY VIVU TV,ViVU TV,2021-06-26,309,25,7715,1280,720
L26_V320,01tBbqcb5X8,https://www.youtube.com/watch?v=01tBbqcb5X8,KHUẤY ĐỘNG MÙA HÈ VƠI MÓN BÚN QUẬY MÓN NGON MỖI NGÀY VIVU TV,ViVU TV,2021-06-25,306,25,7660,1280,720
L26_V321,Gtub1upPTtA,https://www.youtube.com/watch?v=Gtub1upPTtA,THƠM NGON LẠ MIỆNG VỚI TÔM THỊT BỌC TRỨNG CÚT MÓN NGON MỖI NGÀY VIVU TV,ViVU TV,2021-06-20,308,25,7697,1280,720
L26_V322,K44CN_GfSXw,https://www.youtube.com/watch?v=K44CN_GfSXw,SÚP THANH CUA HẠT CHIA MÓN NGON MỖI NGÀY VIVU TV,ViVU TV,2021-06-19,307,25,7681,1280,720
L26_V323,du25VI_HFn4,https://www.youtube.com/watch?v=du25VI_HFn4,BÁNH TRỨNG PHÔ MAI RAU CỦ BÉO NGẬY GIÒN THƠM MÓN NGON MỖI NGÀY VIVU TV,ViVU TV,2021-06-18,305,25,7615,1280,720
L26_V324,uZ3JaEGqKBY,https://www.youtube.com/watch?v=uZ3JaEGqKBY,HOÀNH THÁNH HOA HỒNG MÓN NGON MỖI NGÀY VIVU TV,ViVU TV,2021-06-13,308,25,7688,1280,720
L26_V325,xCq4z5Uv7wA,https://www.youtube.com/watch?v=xCq4z5Uv7wA,NGON NGẤT NGÂY VỚI CHẢ KHOANH HÀNH TÂY MÓN NGON MỖI NGÀY VIVU TV,ViVU TV,2021-06-12,308,25,7709,1280,720
L26_V326,KZZvZy5EEDA,https://www.youtube.com/watch?v=KZZvZy5EEDA,VỊT OM NƯỚC TƯƠNG HƯƠNG ĐẬM ĐÀ VỊ VẤN VƯƠNG MÓN NGON MỖI NGÀY VIVU TV,ViVU TV,2021-06-11,304,25,7605,1280,720
L26_V327,iXZcbSMlosc,https://www.youtube.com/watch?v=iXZcbSMlosc,CANH ĐẦU CÁ BỚP_TƯƠI NGON CỰC ĐÃ MÓN NGON MỖI NGÀY VIVU TV,ViVU TV,2021-06-06,308,25,7706,1280,720
L26_V328,MgTrEPhIRVE,https://www.youtube.com/watch?v=MgTrEPhIRVE,SALAD CẦU VỒNG NGÀY HÈ_MÁT BỪNG SỨC SỐNG MÓN NGON MỖI NGÀY VIVU TV,ViVU TV,2021-06-05,309,25,7730,1280,720
L26_V329,LVvoaJbCqZc,https://www.youtube.com/watch?v=LVvoaJbCqZc,NUI XÀO CHAY THẬP CẨM_ĐỔI VỊ CƠM NHÀ MÓN NGON MỖI NGÀY VIVU TV,ViVU TV,2021-06-04,310,25,7740,1280,720
L26_V330,ceMXzk6NH8M,https://www.youtube.com/watch?v=ceMXzk6NH8M,ĐẬU COVE XÀO TIM HEO MÓN NGON MỖI NGÀY VIVU TV,ViVU TV,2021-05-30,308,25,7700,1280,720
L26_V331,lrajXCyMRQM,https://www.youtube.com/watch?v=lrajXCyMRQM,PANCAKE SUSHI _BÉO THƠM DIỆU KỲ MÓN NGON MỖI NGÀY VIVU TV,ViVU TV,2021-05-29,304,25,7608,1280,720
L26_V332,b0--BNERxzI,https://www.youtube.com/watch?v=b0--BNERxzI,CANH GÀ NẤM MỠ MÓN NGON MỖI NGÀY VIVU TV,ViVU TV,2021-05-28,308,25,7699,1280,720
L26_V333,RPr7d6g5mWs,https://www.youtube.com/watch?v=RPr7d6g5mWs,CƠM CHIÊN THẬP CẨM_ ĐẬM VỊ THƠM HƯƠNG MÓN NGON MỖI NGÀY VIVU TV,ViVU TV,2021-05-23,310,25,7745,1280,720
L26_V334,G9qhPRHmgaM,https://www.youtube.com/watch?v=G9qhPRHmgaM,GỎI CÓC TAI HEO_GIÒN RỤM CHUA CHUA MÓN NGON MỖI NGÀY VIVU TV,ViVU TV,2021-05-22,309,25,7723,1280,720
L26_V335,LhExit6DREc,https://www.youtube.com/watch?v=LhExit6DREc,CỒI SÒ ĐIỆP XÀO HOA THIÊN LÝ NGỌT THANH ĐÚNG Ý MÓN NGON MỖI NGÀY VIVU TV,ViVU TV,2021-05-21,309,25,7723,1280,720
L26_V336,M2MIKGPPZx0,https://www.youtube.com/watch?v=M2MIKGPPZx0,LƯỠI HEO TRỘN KIỆU CHUA_XUA TAN HÈ NẮNG ĐẬM ĐÀ ĐƯA CƠM MÓN NGON MỖI NGÀY VIVU TV,ViVU TV,2021-05-16,306,25,7649,1280,720
L26_V337,ADg1ELSWpJ8,https://www.youtube.com/watch?v=ADg1ELSWpJ8,PANCAKE TÔM PHÔ MAI BÉO THƠM NGẬP TRÀN MÓN NGON MỖI NGÀY VIVU TV,ViVU TV,2021-05-15,306,25,7646,1280,720
L26_V338,dTzFSs_9eXE,https://www.youtube.com/watch?v=dTzFSs_9eXE,MẸT HẢI SẢN CHẤM MUỐI NGÒ GAI MÓN NGON MỖI NGÀY VIVU TV,ViVU TV,2021-05-14,307,25,7682,1280,720
L26_V339,iw1mFa3Pj3w,https://www.youtube.com/watch?v=iw1mFa3Pj3w,CHẢ GIÒ NẤM CÁ CHẼM_GIÒN TAN NGỌT VỊ MÓN NGON MỖI NGÀY VIVU TV,ViVU TV,2021-05-09,308,25,7700,1280,720
L26_V340,sCNuUgVAxBk,https://www.youtube.com/watch?v=sCNuUgVAxBk,BÚN GÂN BÒ_ĂN LÀ GHIỀN MÓN NGON MỖI NGÀY VIVU TV,ViVU TV,2021-05-08,309,25,7727,1280,720
L26_V341,RhttIsvlPxg,https://www.youtube.com/watch?v=RhttIsvlPxg,RAU CỦ XÀO XỐT CHAY_NGON NGỌT NGẤT NGÂY MÓN NGON MỖI NGÀY VIVU TV,ViVU TV,2021-05-07,309,25,7731,1280,720
L26_V342,pIaBfX3quwg,https://www.youtube.com/watch?v=pIaBfX3quwg,CHÁO HẠT SEN NẤU BÒ VIÊN_VỊ NGON VẸN TOÀN MÓN NGON MỖI NGÀY VIVU TV,ViVU TV,2021-05-02,309,25,7731,1280,720
L26_V343,zAxsgwe0-vw,https://www.youtube.com/watch?v=zAxsgwe0-vw,ĐẬM ĐÀ MÊ ĐẮM VỚI DÊ XÀO TÍA TÔ CÀ BÁT MÓN NGON MỖI NGÀY VIVU TV,ViVU TV,2021-05-01,310,25,7738,1280,720
L26_V344,KsPFZ-loo9c,https://www.youtube.com/watch?v=KsPFZ-loo9c,HEO NƯỚNG HÀN QUỐC_VỊ ĐẬM ĐÀ ĂN THẬT ĐÃ MÓN NGON MỖI NGÀY VIVU TV,ViVU TV,2021-04-30,302,25,7557,1280,720
L26_V345,KgLmHS5xle8,https://www.youtube.com/watch?v=KgLmHS5xle8,THỊT BÒ NƯỚNG MÈ KIỂU HÀN QUỐC_THƠM SAY LÒNG NGƯỜI MÓN NGON MỖI NGÀY VIVU TV,ViVU TV,2021-04-25,309,25,7725,1280,720
L26_V346,dYl-JxVwBl4,https://www.youtube.com/watch?v=dYl-JxVwBl4,GỎI RAU MẦM TÔM MỰC_THANH MÁT MÙA NẮNG MÓN NGON MỖI NGÀY VIVU TV,ViVU TV,2021-04-24,309,25,7713,1280,720
L26_V347,u8_CAO50zY8,https://www.youtube.com/watch?v=u8_CAO50zY8,CUỐN CHẢ CHAY_MÓN NGON CHO NGÀY RẰM MÓN NGON MỖI NGÀY VIVU TV,ViVU TV,2021-04-23,308,25,7699,1280,720
L26_V348,gxJmsqkvLxg,https://www.youtube.com/watch?v=gxJmsqkvLxg,CHẢ CỐM TẠO HÌNH ÔM TRỌN VỊ NGON MÓN NGON MỖI NGÀY VIVU TV,ViVU TV,2021-04-18,307,25,7673,1280,720
L26_V349,GfOk246OWWk,https://www.youtube.com/watch?v=GfOk246OWWk,GÀ CHIÊN XÁ XỊ_GIÒN TAN MANG VI MỚI MÓN NGON MỖI NGÀY VIVU TV,ViVU TV,2021-04-17,308,25,7702,1280,720
L26_V350,4dzk7smjIdI,https://www.youtube.com/watch?v=4dzk7smjIdI,THƠM NGON ĐẬM ĐÀ VỚI SALAD BÍ ĐỎ MÓN NGON MỖI NGÀY VIVU TV,ViVU TV,2021-04-16,308,25,7702,1280,720
L26_V351,ZhnjSk6_P1g,https://www.youtube.com/watch?v=ZhnjSk6_P1g,BÁNH NẾP NHÂN SÒ ĐIỆP GÓI TRỌN TINH HOA MÓN NGON MỖI NGÀY VIVU TV,ViVU TV,2021-04-10,308,25,7705,1280,720
L26_V352,_Fy-melIgu0,https://www.youtube.com/watch?v=_Fy-melIgu0,BA RỌI TẨM TRỨNG CHIÊN GIÒN MÓN NGON MỖI NGÀY VIVU TV,ViVU TV,2021-04-09,309,25,7731,1280,720
L26_V353,-Qe_Kgdos6Y,https://www.youtube.com/watch?v=-Qe_Kgdos6Y,GÀ RIM NGŨ VỊ ĐẬM ĐÀ HẾT Ý MÓN NGON MỖI NGÀY VIVU TV,ViVU TV,2021-04-08,307,25,7671,1280,720
L26_V354,PerSNt8tlH8,https://www.youtube.com/watch?v=PerSNt8tlH8,CÁNH GÀ CHIÊN TỎI LÁ CHANH MÓN NGON MỖI NGÀY VIVU TV,ViVU TV,2021-04-04,308,25,7698,1280,720
L26_V355,0s_-9PSrFGw,https://www.youtube.com/watch?v=0s_-9PSrFGw,TRÀ SỮA GẠO RANG THẠCH MATCHA MÓN NGON MỖI NGÀY VIVU TV,ViVU TV,2021-04-03,307,25,7664,1280,720
L26_V356,6MJmCNSUFVc,https://www.youtube.com/watch?v=6MJmCNSUFVc,HẢI SÂM XÀO XỐT CAY_NGON NGẤT NGÂY MÓN NGON MỖI NGÀY VIVU TV,ViVU TV,2021-04-02,309,25,7720,1280,720
L26_V357,WEWNlizdEjk,https://www.youtube.com/watch?v=WEWNlizdEjk,BẮP BÒ OM GỪNG SẢ_THƠM LỪNG BỪNG VỊ GIÁC MÓN NGON MỖI NGÀY VIVU TV,ViVU TV,2021-03-28,301,25,7516,1280,720
L26_V358,fz7ye15FOCI,https://www.youtube.com/watch?v=fz7ye15FOCI,MỰC NHỒI TÔM SỐT TIÊU XANH_HƯƠNG THƠM NỒNG VI ẤM LÒNG MÓN NGON MỖI NGÀY VIVU TV,ViVU TV,2021-03-27,308,25,7687,1280,720
L26_V359,MhoPgAMwdY0,https://www.youtube.com/watch?v=MhoPgAMwdY0,ỐC XÀO TIÊU XANH_GIÒN CAY MÊ SAY MÓN NGON MỖI NGÀY VIVU TV,ViVU TV,2021-03-25,310,25,7739,1280,720
L26_V360,o1Z_3v6gXUc,https://www.youtube.com/watch?v=o1Z_3v6gXUc,CÁ CHIM NƯỚNG ỚT XIÊM_VỊ ĐẬM ĐÀ TỎA HƯƠNG XA MÓN NGON MỖI NGÀY VIVU TV,ViVU TV,2021-03-21,302,25,7560,1280,720
L26_V361,3_NcXQi_KpY,https://www.youtube.com/watch?v=3_NcXQi_KpY,CHÂN GIÒ OM SẤU_NẤU LÀ NGON ĂN LÀ MÊ MÓN NGON MỖI NGÀY VIVU TV,ViVU TV,2021-03-20,305,25,7627,1280,720
L26_V362,S8pIBY6aaTI,https://www.youtube.com/watch?v=S8pIBY6aaTI,PHÁ CÁCH VỚI TÔM CHIÊN DỪA SỐT BẠC HÀ MÓN NGON MỖI NGÀY VIVU TV,ViVU TV,2021-03-19,301,25,7527,1280,720
L26_V363,uQW4QL-gUDs,https://www.youtube.com/watch?v=uQW4QL-gUDs,NGỌT NGÀO MÊ LY VỚI TRÀ SỮA ROYAL COOKIES MÓN NGON MỖI NGÀY VIVU TV,ViVU TV,2021-03-17,300,25,7502,1280,720
L26_V364,9W17MUtEjxI,https://www.youtube.com/watch?v=9W17MUtEjxI,CANH CÁ HANH VỊ THÁI-CHUA NGỌT NGON CƠM MÓN NGON MỖI NGÀY VIVU TV,ViVU TV,2021-03-13,303,25,7564,1280,720
L26_V365,K7SMAZ-_34U,https://www.youtube.com/watch?v=K7SMAZ-_34U,RONG BIỂN CUỘN NẤM KIM CHÂM MÓN NGON MỖI NGÀY VIVU TV,ViVU TV,2021-03-11,306,25,7654,1280,720
L26_V366,Ok9Su_FX9-A,https://www.youtube.com/watch?v=Ok9Su_FX9-A,MÁT GIÒN TRỌN VỊ VỚI SALAD GÀ NƯỚNG MÓN NGON MỖI NGÀY VIVU TV,ViVU TV,2021-03-09,310,25,7740,1280,720
L26_V367,KlSNBEmErDI,https://www.youtube.com/watch?v=KlSNBEmErDI,SƯỜN NON XÀO CHANH SẢ _LẠ MÀ NGON ĂN LÀ THÍCH MÓN NGON MỖI NGÀY VIVU TV,ViVU TV,2021-03-05,308,25,7698,1280,720
L26_V368,FiQMXqqtpZ4,https://www.youtube.com/watch?v=FiQMXqqtpZ4,TAN CHẢY VỚI TRỨNG LÒNG ĐÀO BỌC THỊT MÓN NGON MỖI NGÀY VIVU TV,ViVU TV,2021-03-04,308,25,7710,1280,720
L26_V369,SjFRnDF0Ng8,https://www.youtube.com/watch?v=SjFRnDF0Ng8,NGỌT THANH VỚI CANH CỦ SEN RONG BIỂN MÓN NGON MỖI NGÀY VIVU TV,ViVU TV,2021-02-27,307,25,7679,1280,720
L26_V370,MXVLC8chopQ,https://www.youtube.com/watch?v=MXVLC8chopQ,NGON NGỌT VỚI BÁN TÔM HẸ CHIÊN GIÒN MÓN NGON MỖI NGÀY VIVU TV,ViVU TV,2021-02-26,311,25,7763,1280,720
L26_V371,7wi_q8VZ2fk,https://www.youtube.com/watch?v=7wi_q8VZ2fk,CÁ CHẼM CHIÊN HẠNH NHÂN NHÌN LÀ MÊ ĂN LÀ GHIỀN MÓN NGON MỖI NGÀY VIVU TV,ViVU TV,2021-02-25,307,25,7671,1280,720
L26_V372,BDvCRPQ_dzM,https://www.youtube.com/watch?v=BDvCRPQ_dzM,GÀ XÀO NẤM_NGON ĐẮM SAY ĂN MÊ NGAY MÓN NGON MỖI NGÀY VIVU TV,ViVU TV,2021-02-20,310,25,7748,1280,720
L26_V373,7UO0_nQoJyk,https://www.youtube.com/watch?v=7UO0_nQoJyk,BÁNH RÁN THỊT NGUỘI PATE CHO BUỔI SÁNG THÊM NGON MÓN NGON MỖI NGÀY VIVU TV,ViVU TV,2021-02-19,310,25,7748,1280,720
L26_V374,8NT0zL6ksRw,https://www.youtube.com/watch?v=8NT0zL6ksRw,CHUỐI ĐẬU KHO TƯƠNG SẢ_MÓN LẠ DỄ MÊ MÓN NGON MỖI NGÀY VIVU TV,ViVU TV,2021-02-18,308,25,7691,1280,720
L26_V375,ECHWReXoGHo,https://www.youtube.com/watch?v=ECHWReXoGHo,SALAD CAM CÁ HỒI_THĂNG HOA VỊ GIÁC THÊM VỊ NGÀY YÊU MÓN NGON MỖI NGÀY VIVU TV,ViVU TV,2021-02-13,307,25,7677,1280,720
L26_V376,AhD-uVUru3o,https://www.youtube.com/watch?v=AhD-uVUru3o,CÁ CHIÊN XÓC TỎI ĂN MIẾNG NÀO MÊ MIẾNG ĐÓ MÓN NGON MỖI NGÀY VIVU TV,ViVU TV,2021-02-12,306,25,7647,1280,720
L26_V377,q4U5qs-4H2w,https://www.youtube.com/watch?v=q4U5qs-4H2w,PANCAKE BÒ BẦM_MỀM THƠM CHO NGÀY MỚI MÓN NGON MỖI NGÀY VIVU TV,ViVU TV,2021-02-11,307,25,7685,1280,720
L26_V378,gALqd9q9u44,https://www.youtube.com/watch?v=gALqd9q9u44,PHỞ CUỐN CHẢ CHIÊN TUÔN TRÀO VỊ NGON MÓN NGON MỖI NGÀY VIVU TV,ViVU TV,2021-02-06,309,25,7728,1280,720
L26_V379,AsFe9JwHbg0,https://www.youtube.com/watch?v=AsFe9JwHbg0,BÍ ĐỎ HẤP HẠT SEN VẸN TRÒN VỊ KHAI XUÂN MÓN NGON MỖI NGÀY VIVU TV,ViVU TV,2021-02-05,306,25,7650,1280,720
L26_V380,bJlabwGIwOA,https://www.youtube.com/watch?v=bJlabwGIwOA,THANH NGỌT VỚI CANH SƯỜN MÍT NON TRÁI VẢ MÓN NGON MỖI NGÀY VIVU TV,ViVU TV,2021-02-04,306,25,7648,1280,720
L26_V381,oCwrcgq5tcA,https://www.youtube.com/watch?v=oCwrcgq5tcA,SALAD TRÁI THƠM MAYO_CHUA NGỌT HÀI HÒA MÓN NGON MỖI NGÀY VIVU TV,ViVU TV,2021-01-30,308,25,7694,1280,720
L26_V382,xczNsEztibQ,https://www.youtube.com/watch?v=xczNsEztibQ,TAI HEO NGÂM CHUA NGỌT GIÒN NGON KHÓ CƯỠNG MÓN NGON MỖI NGÀY VIVU TV,ViVU TV,2021-01-30,308,25,7710,1280,720
L26_V383,hoMgagpL4ks,https://www.youtube.com/watch?v=hoMgagpL4ks,CƠM TÍM GÀ KHÌA DẺO BÙI NGẤT NGÂY MÓN NGON MỖI NGÀY VIVU TV,ViVU TV,2021-01-30,307,25,7672,1280,720
L26_V384,7cxawrrvyAY,https://www.youtube.com/watch?v=7cxawrrvyAY,CÁ ĐIÊU HỒNG NGŨ VỊ NƯỚNG XỐT THƠM VỊ NGON KHÓ CƯỠNG MÓN NGON MỖI NGÀY VIVU TV,ViVU TV,2021-01-26,310,25,7741,1280,720
L26_V385,dFw80s91RD4,https://www.youtube.com/watch?v=dFw80s91RD4,GỎI CUỐN CHAY CHẤM XỐT ĐẬU PHỘNG MÁT GIÒN THƠM NGẬY MÓN NGON MỖI NGÀY VIVU TV,ViVU TV,2021-01-23,309,25,7734,1280,720
L26_V386,wl9H_FKHEVc,https://www.youtube.com/watch?v=wl9H_FKHEVc,CÀ TÍM KHO NẤM THỊT BĂM ĐẬM ĐÀ ĐƯA CƠM MÓN NGON MỖI NGÀY VIVU TV,ViVU TV,2021-01-22,308,25,7694,1280,720
L26_V387,xWPu8302D_s,https://www.youtube.com/watch?v=xWPu8302D_s,DƯA CHUỘT NGÂM DẤM THƠM NGON MỘC MẠC MÓN NGON MỖI NGÀY VIVU TV,ViVU TV,2021-01-21,301,25,7522,1280,720
L26_V388,mOMKSyZdfQA,https://www.youtube.com/watch?v=mOMKSyZdfQA,VƯƠNG GIẢ KHAI XUÂN VỚI BURGER CUA LỘT MÓN NGON MỖI NGÀY VIVU TV,ViVU TV,2021-01-16,308,25,7704,1280,720
L26_V389,hdMg3UjzpkU,https://www.youtube.com/watch?v=hdMg3UjzpkU,NGON LẠ MIỆNG ĐẬM VỊ QUÊ NHÀ VỚI BÚN GÀ XÁO SẢ MÓN NGON MỖI NGÀY VIVU TV,ViVU TV,2021-01-15,306,25,7648,1280,720
L26_V390,KzuYM7HMtnw,https://www.youtube.com/watch?v=KzuYM7HMtnw,NUI NẤU BÒ CAY_ĂN MÊ NGẤT NGÂY MÓN NGON MỖI NGÀY VIVU TV,ViVU TV,2021-01-09,304,25,7606,1280,720
L26_V391,knFcuRY0Ccs,https://www.youtube.com/watch?v=knFcuRY0Ccs,GÀ XỐT MẬT ONG MÙ TẠT NGỌT THƠM TUYỆT HẢO MÓN NGON MỖI NGÀY VIVU TV,ViVU TV,2021-01-08,308,25,7686,1280,720
L26_V392,ehkB5A2c6wo,https://www.youtube.com/watch?v=ehkB5A2c6wo,CÁ KÈO CHIÊN XỐT CHANH DÂY MÓN NGON MỖI NGÀY VIVU TV,ViVU TV,2021-01-07,307,25,7673,1280,720
L26_V393,c8ap73a7MgI,https://www.youtube.com/watch?v=c8ap73a7MgI,ĐẬM ĐÀ MÊ MẪN VỚI CÁ TRÊ KHO GỪNG NGHỆ MÓN NGON MỖI NGÀY VIVU TV,ViVU TV,2021-01-02,308,25,7686,1280,720
L26_V394,1zYHUHUco9c,https://www.youtube.com/watch?v=1zYHUHUco9c,BÁNH TÔM CHIÊN CỦ SẮN MÓN NGON MỖI NGÀY VIVU TV,ViVU TV,2021-01-01,308,25,7690,1280,720
L26_V395,JlaiKENuhb8,https://www.youtube.com/watch?v=JlaiKENuhb8,BÚN THÁI_ĐÓN NĂM MỚI VỚI VỊ NGON TÊ TÁI MÓN NGON MỖI NGÀY VIVU TV,ViVU TV,2020-12-31,307,25,7671,1280,720
L26_V396,ignrdOUlbfU,https://www.youtube.com/watch?v=ignrdOUlbfU,THÊM NĂNG LƯỢNG VÀ ĐẦY DINH DƯỠNG VỚI CHÁO NGƯU BÀNG HẢI SẢN MÓN NGON MỖI NGÀY VIVU TV,ViVU TV,2020-12-26,306,25,7658,1280,720
L26_V397,jzu2-m41oa4,https://www.youtube.com/watch?v=jzu2-m41oa4,CÁ DIÊU HỒNG CUỐN DƯA KIỆU THƠM NGON MỸ MIỀU MÓN NGON MỖI NGÀY VIVU TV,ViVU TV,2020-12-24,308,25,7710,1280,720
L26_V398,qS2VBSZkHGk,https://www.youtube.com/watch?v=qS2VBSZkHGk,KHAI VỊ GIÁNG SINH VỚI SALAD MỰC ỐNG RONG BIỂN MÓN NGON MỖI NGÀY VIVU TV,ViVU TV,2020-12-19,310,25,7747,1280,720
L26_V399,8l8-ECVWbfE,https://www.youtube.com/watch?v=8l8-ECVWbfE,NGON GIÒN ĐẬM ĐÀ_BÁNH MÌ THỊT NƯỚNG SẢ MAYO MÓN NGON MỖI NGÀY VIVU TV,ViVU TV,2020-12-18,307,25,7685,1280,720
L26_V400,WbmzWeZ54ZI,https://www.youtube.com/watch?v=WbmzWeZ54ZI,PANCAKE SOCOLA CHO ĐÊM GIÁNG SINH LUNG LINH MÓN NGON MỖI NGÀY VIVU TV,ViVU TV,2020-12-17,301,25,7532,1280,720
L26_V401,H9mTDCKE9fY,https://www.youtube.com/watch?v=H9mTDCKE9fY,SANDWICH KẸP CHẢ TÔM CHO BUỔI SÁNG ĐẦY NĂNG LƯỢNG MÓN NGON MỖI NGÀY VIVU TV,ViVU TV,2020-12-12,309,25,7711,1280,720
L26_V402,Bvr9b3fp1R0,https://www.youtube.com/watch?v=Bvr9b3fp1R0,ẨM THỰC ĐỒNG QUÊ VỚI LẨU CÁ LĂNG BÔNG SO ĐŨA MÓN NGON MỖI NGÀY VIVU TV,ViVU TV,2020-12-11,301,25,7527,1280,720
L26_V403,d3nPgMo0N-s,https://www.youtube.com/watch?v=d3nPgMo0N-s,THƠM LỪNG MÓN GÀ HẤP LÁ É MÓN NGON MỖI NGÀY VIVU TV,ViVU TV,2020-12-10,307,25,7682,1280,720
L26_V404,UiT_xrGC4m4,https://www.youtube.com/watch?v=UiT_xrGC4m4,CANH CÁ BỐNG MÚ MÓN NGON MỖI NGÀY VIVU TV 06122020,ViVU TV,2020-12-05,309,25,7726,1280,720
L26_V405,2zy_TuZPj8E,https://www.youtube.com/watch?v=2zy_TuZPj8E,GÀ XÀO VỊ THÁI MÓN NGON MỖI NGÀY VIVU TV 05122020,ViVU TV,2020-12-04,310,25,7738,1280,720
L26_V406,OE7fbNbxYwI,https://www.youtube.com/watch?v=OE7fbNbxYwI,BURGER CÁ HỒI MÓN NGON MỖI NGÀY VIVU TV 04122020,ViVU TV,2020-12-03,309,25,7713,1280,720
L26_V407,KuSygi_pQpw,https://www.youtube.com/watch?v=KuSygi_pQpw,PANCAKE HẠNH NHÂN ĐẬU ĐỎ MÓN NGON MỖI NGÀY VIVU TV 29112020,ViVU TV,2020-11-28,309,25,7728,1280,720
L26_V408,g-MI3181WwQ,https://www.youtube.com/watch?v=g-MI3181WwQ,MỲ EFU XÀO NẤM TRÀ MÓN NGON MỖI NGÀY VIVU TV 28112020,ViVU TV,2020-11-27,309,25,7735,1280,720
L26_V409,IabnfCcHrgk,https://www.youtube.com/watch?v=IabnfCcHrgk,BẦU XÀO NGHÊU MÓN NGON MỖI NGÀY VIVU TV 27112020,ViVU TV,2020-11-26,302,25,7558,1280,720
L26_V410,KnXnMEFa1vs,https://www.youtube.com/watch?v=KnXnMEFa1vs,CANH GÂN BÒ CHUA CAY MÓN NGON MỖI NGÀY VIVU TV 22112020,ViVU TV,2020-11-21,307,25,7681,1280,720
L26_V411,of_eNk0V68g,https://www.youtube.com/watch?v=of_eNk0V68g,LẨU CHÁO CÁ ÁM MIỀN BẮC MÓN NGON MỖI NGÀY VIVU TV 21112020,ViVU TV,2020-11-20,308,25,7690,1280,720
L26_V412,3awYChyEtOE,https://www.youtube.com/watch?v=3awYChyEtOE,CUA LỘT CHIÊN XỐT THÁI MÓN NGON MỖI NGÀY VIVU TV 20112020,ViVU TV,2020-11-19,306,25,7636,1280,720
L26_V413,Qsu3jn2iugU,https://www.youtube.com/watch?v=Qsu3jn2iugU,GÀ CHIÊN MÈ XỐT CHANH MUỐI MAYO MÓN NGON MỖI NGÀY VIVU TV,ViVU TV,2020-11-16,292,25,7287,1280,720
L26_V414,V2A-EXwtplA,https://www.youtube.com/watch?v=V2A-EXwtplA,CANH TÔM RAU CẦN NƯỚC MÓN NGON MỖI NGÀY VIVU TV,ViVU TV,2020-11-15,308,25,7710,1280,720
L26_V415,U697iOuxRpo,https://www.youtube.com/watch?v=U697iOuxRpo,CÁCH LÀM MÓN GỎI BỐN MÙA MÓN NGON MỖI NGÀY VIVU TV,ViVU TV,2020-11-12,305,25,7616,1280,720
L26_V416,CwEW1qhG49Y,https://www.youtube.com/watch?v=CwEW1qhG49Y,BÁNH CÁ KHOAI TÂY MÓN NGON MỖI NGÀY VIVU TV 08112020,ViVU TV,2020-11-07,309,25,7725,1280,720
L26_V418,qPiqwfbQ9Nc,https://www.youtube.com/watch?v=qPiqwfbQ9Nc,RUỐC BIỂN CHIÊN LÁ QUẾ MÓN NGON MỖI NGÀY VIVU TV 06112020,ViVU TV,2020-11-05,304,25,7586,1280,720
L26_V419,9X9LqKn1mP4,https://www.youtube.com/watch?v=9X9LqKn1mP4,BÁNH RÁN CAM MẬT ONG MÓN NGON MỖI NGÀY VIVU 01112020,ViVU TV,2020-10-31,308,25,7690,1280,720
L26_V420,DL_AmjUOpGI,https://www.youtube.com/watch?v=DL_AmjUOpGI,CANH MỌC BÍ NGÒI MÓN NGON MỖI NGÀY VIVU TV 31102020,ViVU TV,2020-10-30,306,25,7657,1280,720
L26_V421,3xvTGWedzog,https://www.youtube.com/watch?v=3xvTGWedzog,NẤM KHO TỘ MÓN NGON MỖI NGÀY VIVU TV 30102020,ViVU TV,2020-10-29,309,25,7713,1280,720
L26_V422,okTh85UWfzU,https://www.youtube.com/watch?v=okTh85UWfzU,CƠM CHANH ẤN ĐỘ MÓN NGON MỖI NGÀY VIVU TV 04102020,ViVU TV,2020-10-03,308,25,7707,1280,720
L26_V423,cnn9BXk3rqg,https://www.youtube.com/watch?v=cnn9BXk3rqg,CÁ KÈO NƯỚNG MUỐI ỚT MÓN NGON MỖI NGÀY VIVU TV 03102020,ViVU TV,2020-10-02,301,25,7518,1280,720
L26_V424,Yi0ZxwttVy8,https://www.youtube.com/watch?v=Yi0ZxwttVy8,SÚP MĂNG VỊT CHUA CAY MÓN NGON MỖI NGÀY VIVU TV 02102020,ViVU TV,2020-10-01,308,25,7700,1280,720
L26_V425,47qDn5duZxc,https://www.youtube.com/watch?v=47qDn5duZxc,CÁ HỒI SAKE CHIÊN GIÒN MÓN NGON MỖI NGÀY VIVU TV 27092020,ViVU TV,2020-09-26,302,25,7553,1280,720
L26_V426,llRdpD6SFYk,https://www.youtube.com/watch?v=llRdpD6SFYk,CANH CÁ RÔ BÔNG SÚNG MÓN NGON MỖI NGÀY VIVU TV 26092020,ViVU TV,2020-09-25,309,25,7718,1280,720
L26_V427,qZeKXZlDB9Q,https://www.youtube.com/watch?v=qZeKXZlDB9Q,SUP TÔM MĂNG TÂY VỊ LẨU THÁI MÓN NGON MỖI NGÀY VIVU TV 25092020,ViVU TV,2020-09-24,309,25,7723,1280,720
L26_V428,NEv8QQgCi38,https://www.youtube.com/watch?v=NEv8QQgCi38,BÁNH MÌ QUE XỐT THỊT CAY MAYO MÓN NGON MỖI NGÀY VIVU TV 20092020,ViVU TV,2020-09-19,333,25,8317,1280,720
L26_V429,73NE13FbGnM,https://www.youtube.com/watch?v=73NE13FbGnM,CÁ HẤP TÀU XÌ MÓN NGON MỖI NGÀY VIVU TV 19092020,ViVU TV,2020-09-18,335,25,8362,1280,720
L26_V430,Gynh_g4l5Hk,https://www.youtube.com/watch?v=Gynh_g4l5Hk,PANCAKE LÁ DỨA MÓN NGON MỖI NGÀY VIVU TV 18092020,ViVU TV,2020-09-17,336,25,8410,1280,720
L26_V431,LMbFDBvJZJA,https://www.youtube.com/watch?v=LMbFDBvJZJA,ĐẬU HỦ UM NƯỚC CỐT DỪA MÓN NGON MỖI NGÀY VIVU TV 13092020,ViVU TV,2020-09-12,327,25,8183,1280,720
L26_V432,gpmcxpYu9BE,https://www.youtube.com/watch?v=gpmcxpYu9BE,LƯƠN NƯỚNG SẢ MÓN NGON MỖI NGÀY VIVU TV 12092020,ViVU TV,2020-09-11,326,25,8151,1280,720
L26_V433,YLodN96P3qM,https://www.youtube.com/watch?v=YLodN96P3qM,SÚP HOÀNH THÁNH MÓN NGON MỖI NGÀY VIVU TV 11092020,ViVU TV,2020-09-10,338,25,8450,1280,720
L26_V434,ykYBy3JxEZU,https://www.youtube.com/watch?v=ykYBy3JxEZU,JAMBON CUỘN THANH CUA MÓN NGON MỖI NGÀY VIVU TV 06092020,ViVU TV,2020-09-05,335,25,8374,1280,720
L26_V435,CoMNF2w1mQM,https://www.youtube.com/watch?v=CoMNF2w1mQM,CHẢ MỰC BÁNH XE CHIÊN GIÒN MÓN NGON MỖI NGÀY VIVU TV 05092020,ViVU TV,2020-09-04,339,25,8478,1280,720
L26_V436,EapwHUN1qR8,https://www.youtube.com/watch?v=EapwHUN1qR8,PANCAKE NHÂN TÁO MÓN NGON MỖI NGÀY VIVU TV 04092020,ViVU TV,2020-09-03,333,25,8315,1280,720
L26_V437,yfLixQQ5E9o,https://www.youtube.com/watch?v=yfLixQQ5E9o,CẢI NGỒNG XÀO NẤM MÓN NGON MỖI NGÀY VIVU TV 30082020,ViVU TV,2020-08-29,326,25,8142,1280,720
L26_V438,-hNBkbPSboE,https://www.youtube.com/watch?v=-hNBkbPSboE,LẨU GÀ MẮC KHÉN MÓN NGON MỖI NGÀY VIVU TV 29082020,ViVU TV,2020-08-28,324,25,8099,1280,720
L26_V439,VhFoKacVZv8,https://www.youtube.com/watch?v=VhFoKacVZv8,ỐC XÀO LĂN LÁ CÁCH MÓN NGON MỖI NGÀY VIVU TV 28082020,ViVU TV,2020-08-27,335,25,8367,1280,720
L26_V440,PWhVBSoLJpw,https://www.youtube.com/watch?v=PWhVBSoLJpw,HÀU XÀO BÔNG CẢI MÓN NGON MỖI NGÀY VIVU TV 23082020,ViVU TV,2020-08-22,337,25,8434,1280,720
L26_V441,KyXQBW5QyK0,https://www.youtube.com/watch?v=KyXQBW5QyK0,ẾCH CHIÊN BỎ TỎI MÓN NGON MỖI NGÀY VIVU TV 22082020,ViVU TV,2020-08-21,323,25,8082,1280,720
L26_V442,lmZZcVPoNsQ,https://www.youtube.com/watch?v=lmZZcVPoNsQ,TRÀ SỮA THẠCH KEM HẠT CHIA MÓN NGON MỖI NGÀY VIVU TV 21082020,ViVU TV,2020-08-20,337,25,8421,1280,720
L26_V443,3O6Wan91Ba0,https://www.youtube.com/watch?v=3O6Wan91Ba0,BÚN XÀO HẢI SẢN MÓN NGON MỖI NGÀY VIVU TV 16082020,ViVU TV,2020-08-15,334,25,8353,1280,720
L26_V444,0sJowTSfp60,https://www.youtube.com/watch?v=0sJowTSfp60,SÒ LÔNG NƯỚNG BƠ TỎI MÓN NGON MỖI NGÀY VIVU TV 15082020,ViVU TV,2020-08-14,330,25,8241,1280,720
L26_V445,YhcKiw-YNd8,https://www.youtube.com/watch?v=YhcKiw-YNd8,GÀ KHO NẤM MÓN NGON MỖI NGÀY VIVU TV 14082020,ViVU TV,2020-08-13,335,25,8385,1280,720
L26_V446,D6ZL_eCB2qw,https://www.youtube.com/watch?v=D6ZL_eCB2qw,CANH CÁ ĐỒNG NẤU KHẾ MÓN NGON MỖI NGÀY VIVU TV 09082020,ViVU TV,2020-08-08,328,25,8206,1280,720
L26_V447,91MrdC5dEvs,https://www.youtube.com/watch?v=91MrdC5dEvs,SÚP ÓC HEO TÓC TIÊN MÓN NGON MỖI NGÀY VIVU TV 08082020,ViVU TV,2020-08-07,321,25,8018,1280,720
L26_V448,K46pH2_N6Kk,https://www.youtube.com/watch?v=K46pH2_N6Kk,CÁ HỒI ÁP CHẢO SỐT TIÊU MÓN NGON MỖI NGÀY VIVU TV 07082020,ViVU TV,2020-08-06,323,25,8081,1280,720
L26_V449,1sNH9bBdokI,https://www.youtube.com/watch?v=1sNH9bBdokI,CÀNG CUA CHIÊN MÈ XỐT MAYO MÓN NGON MỖI NGÀY VIVU TV 02082020,ViVU TV,2020-08-01,329,25,8228,1280,720
L26_V450,kTJu6gXaYRQ,https://www.youtube.com/watch?v=kTJu6gXaYRQ,CHÁO ĐẬU CHÀ BÔNG CÁ HỒI MÓN NGON MỖI NGÀY VIVU TV 01082020,ViVU TV,2020-07-31,338,25,8446,1280,720
L26_V451,5NyvzEMOaRM,https://www.youtube.com/watch?v=5NyvzEMOaRM,LẨU NẤM TIỀM CỦ QUẢ MÓN NGON MỖI NGÀY VIVU TV 31072020,ViVU TV,2020-07-30,329,25,8225,1280,720
L26_V452,4264hPsyJEk,https://www.youtube.com/watch?v=4264hPsyJEk,CANH SƯỜN NHA ĐAM MÓN NGON MỖI NGÀY VIVU TV 26072020,ViVU TV,2020-07-25,326,25,8144,1280,720
L26_V453,aRY1KZgZynQ,https://www.youtube.com/watch?v=aRY1KZgZynQ,SƯỜN CUỘN BACON CHIÊN MÈ MÓN NGON MỖI NGÀY VIVU TV 25072020,ViVU TV,2020-07-24,337,25,8426,1280,720
L26_V454,Uh7C0S1N-TU,https://www.youtube.com/watch?v=Uh7C0S1N-TU,HÀU TRỘN MẦM CẢI MÓN NGON MỖI NGÀY VIVU TV 24072020,ViVU TV,2020-07-23,320,25,7987,1280,720
L26_V455,ZEEhpTxDZR8,https://www.youtube.com/watch?v=ZEEhpTxDZR8,CÁ TAI TƯỢNG XỐT SAMBAL MÓN NGON MỖI NGÀY VIVU TV 19072020,ViVU TV,2020-07-18,335,25,8376,1280,720
L26_V456,iGbe_yqY4f8,https://www.youtube.com/watch?v=iGbe_yqY4f8,SALAD TÔM ĐẬU HỦ MÓN NGON MỖI NGÀY VIVU TV 18072020,ViVU TV,2020-07-17,333,25,8327,1280,720
L26_V457,TDwN1XCYcn0,https://www.youtube.com/watch?v=TDwN1XCYcn0,CANH NGHÊU KIM CHI TÍA TÔ MÓN NGON MỖI NGÀY VIVU TV 17072020,ViVU TV,2020-07-16,336,25,8392,1280,720
L26_V458,7KV2wcLeHxI,https://www.youtube.com/watch?v=7KV2wcLeHxI,CANH NẤM GÀ LÁ GIANG MÓN NGON MỖI NGÀY VIVU TV 12072020,ViVU TV,2020-07-11,289,25,7215,1280,720
L26_V459,T2zCtyfyeBM,https://www.youtube.com/watch?v=T2zCtyfyeBM,GÀ NƯỚNG LỬA TRẠI MÓN NGON MỖI NGÀY VIVU TV 11072020,ViVU TV,2020-07-10,297,25,7429,1280,720
L26_V460,yVt1fr9BAlU,https://www.youtube.com/watch?v=yVt1fr9BAlU,PANCAKE 2 MÀU CHUỐI SOCOLA MÓN NGON MỖI NGÀY VIVU TV 10072020,ViVU TV,2020-07-09,292,25,7287,1280,720
L26_V461,XiDjzKLHR5Y,https://www.youtube.com/watch?v=XiDjzKLHR5Y,CÁ CHIÊN XỐT NẤM MÓN NGON MỖI NGÀY VIVU TV 05072020,ViVU TV,2020-07-04,292,25,7291,1280,720
L26_V462,aS6LWCg1mm0,https://www.youtube.com/watch?v=aS6LWCg1mm0,SÚP BÁT TRÂN CHAY MÓN NGON MỖI NGÀY VIVU TV 04072020,ViVU TV,2020-07-03,302,25,7558,1280,720
L26_V463,ruraYsk-MDA,https://www.youtube.com/watch?v=ruraYsk-MDA,SALAD THANH LONG CHANH DÂY MÓN NGON MỖI NGÀY VIVU TV 03072020,ViVU TV,2020-07-02,303,25,7573,1280,720
L26_V464,JlVS5Avhg5w,https://www.youtube.com/watch?v=JlVS5Avhg5w,BÁNH CANH VỊT MÓN NGON MỖI NGÀY VIVU TV 28062020,ViVU TV,2020-06-27,304,25,7594,1280,720
L26_V465,gBfMxCrFfRM,https://www.youtube.com/watch?v=gBfMxCrFfRM,CHẢ BÒ CHIÊN MÓN NGON MỖI NGÀY VIVU TV 27062020,ViVU TV,2020-06-26,306,25,7648,1280,720
L26_V466,Y9UVc4FwDzg,https://www.youtube.com/watch?v=Y9UVc4FwDzg,CÁ NGỪ ĐẠI DƯƠNG LÚC LẮC MÓN NGON MỖI NGÀY VIVU TV 26062020,ViVU TV,2020-06-25,307,25,7671,1280,720
L26_V467,pAwi-wEjDCc,https://www.youtube.com/watch?v=pAwi-wEjDCc,CÁ HẤP NGƯU BÀNG MÓN NGON MỖI NGÀY VIVU TV 07062020,ViVU TV,2020-06-06,307,25,7668,1280,720
L26_V468,27AvnVM31_8,https://www.youtube.com/watch?v=27AvnVM31_8,CHẢ GIÒ HÀU MÓN NGON MỖI NGÀY VIVU TV 06062020,ViVU TV,2020-06-05,309,25,7714,1280,720
L26_V469,ckPEMmsu5hY,https://www.youtube.com/watch?v=ckPEMmsu5hY,ĐẬU HỦ ÁP CHẢO XỐT SAMBAL MÓN NGON MỖI NGÀY VIVU TV 05062020,ViVU TV,2020-06-04,308,25,7700,1280,720
L26_V470,CS2Akz1OOic,https://www.youtube.com/watch?v=CS2Akz1OOic,MỰC QUE CHIÊN GIÒN XỐT CAM MÓN NGON MỖI NGÀY VIVU TV 31052020,ViVU TV,2020-05-30,310,25,7745,1280,720
L26_V471,NHWaAaozQas,https://www.youtube.com/watch?v=NHWaAaozQas,CẢI THẢO CUỘN TÔM CÁ MÓN NGON MỖI NGÀY VIVU TV 30052020,ViVU TV,2020-05-29,309,25,7734,1280,720
L26_V472,hp72Q5U2E0I,https://www.youtube.com/watch?v=hp72Q5U2E0I,PANCAKE THANH LONG ĐỎ MÓN NGON MỖI NGÀY VIVU TV 29052020,ViVU TV,2020-05-28,308,25,7690,1280,720
L26_V473,IHRtnGACx4M,https://www.youtube.com/watch?v=IHRtnGACx4M,CANH GÀ BÍ XANH MÓN NGON MỖI NGÀY VIVU TV 24052020,ViVU TV,2020-05-23,296,25,7390,1280,720
L26_V474,fuQ4ZNpu7gc,https://www.youtube.com/watch?v=fuQ4ZNpu7gc,SƯỜN NON KHO CHAO MÓN NGON MỖI NGÀY VIVU TV 23052020,ViVU TV,2020-05-22,307,25,7662,1280,720
L26_V475,VwASMZqxZuQ,https://www.youtube.com/watch?v=VwASMZqxZuQ,CÀ TÍM NƯỚNG TÔM CHÁY MỠ HẸ MÓN NGON MỖI NGÀY VIVU TV 22052020,ViVU TV,2020-05-21,306,25,7640,1280,720
L26_V476,XleUq4nJGGg,https://www.youtube.com/watch?v=XleUq4nJGGg,CÁ KHO QUẸT MÓN QUÊ LẠ MIỆNG MÓN NGON MỖI NGÀY VIVU TV 16052020.,ViVU TV,2020-05-17,304,25,7604,1280,720
L26_V477,hhLGEWRz_4s,https://www.youtube.com/watch?v=hhLGEWRz_4s,TÔM CHIÊN MẶT NGUYỆT MÓN NGON MỖI NGÀY VIVU TV 15052020.,ViVU TV,2020-05-16,307,25,7664,1280,720
L26_V478,XghaqnEFgRM,https://www.youtube.com/watch?v=XghaqnEFgRM,SALAD MỰC ỐNG MÓN NGON MỖI NGÀY VIVU TV 10052020,ViVU TV,2020-05-09,303,25,7566,1280,720
L26_V479,_VgfwLN0H_0,https://www.youtube.com/watch?v=_VgfwLN0H_0,ỚT CHUÔNG HẢI SẢN PHÔ MAI MÓN NGON MỖI NGÀY VIVU TV 09052020,ViVU TV,2020-05-08,308,25,7693,1280,720
L26_V480,Nf2rT3KDBKI,https://www.youtube.com/watch?v=Nf2rT3KDBKI,CÁ DỨA MỘT NẮNG CHUA NGỌT MÓN NGON MỖI NGÀY VIVU TV 08052020,ViVU TV,2020-05-07,307,25,7665,1280,720
L26_V481,b8XfRRFern0,https://www.youtube.com/watch?v=b8XfRRFern0,CANH SƯỜN BÍ ĐỎ RONG BIỂN MÓN NGON MỖI NGÀY VIVU TV 03052020,ViVU TV,2020-05-02,310,25,7739,1280,720
L26_V482,YdW-OBMoPqg,https://www.youtube.com/watch?v=YdW-OBMoPqg,ĐẬU HŨ CUỘN CHIÊN GIÒN MÓN NGON MỖI NGÀY VIVU TV 02052020,ViVU TV,2020-05-01,307,25,7680,1280,720
L26_V483,GuMlqao9YRE,https://www.youtube.com/watch?v=GuMlqao9YRE,PHỞ SẮN XÀO THẬP CẨM MÓN NGON MỖI NGÀY VIVU TV 01052020,ViVU TV,2020-04-30,310,25,7739,1280,720
L26_V484,TRUGN5A1csU,https://www.youtube.com/watch?v=TRUGN5A1csU,ẾCH KHÓI LỬA MÓN NGON MỖI NGÀY VIVU TV 26042020,ViVU TV,2020-04-25,304,25,7590,1280,720
L26_V485,0oTiFJUdqpE,https://www.youtube.com/watch?v=0oTiFJUdqpE,CANH MỒNG TƠI NẤM MÓN NGON MỖI NGÀY VIVU TV 25042020,ViVU TV,2020-04-24,305,25,7624,1280,720
L26_V486,ELTbbf5ISP8,https://www.youtube.com/watch?v=ELTbbf5ISP8,BÁNH XÈO HẢI SẢN MÓN NGON MỖI NGÀY VIVU TV 24042020.,ViVU TV,2020-04-23,308,25,7697,1280,720
L26_V487,Q5JBViR2OaY,https://www.youtube.com/watch?v=Q5JBViR2OaY,GÀ NƯỚNG CỎ XẠ HƯƠNG MÓN NGON MỖI NGÀY VIVU TV 22022020,ViVU TV,2020-04-21,309,25,7724,1280,720
L26_V488,6zf1v9YDcgU,https://www.youtube.com/watch?v=6zf1v9YDcgU,THỊT BA CHỈ XIÊN QUE CHIÊN GIÒN MÓN NGON MỖI NGÀY VIVU TV,ViVU TV,2020-04-20,309,25,7731,1280,720
L26_V489,qMVUZpghsrE,https://www.youtube.com/watch?v=qMVUZpghsrE,BẮP BÒ XỐT PATE CHẤM MUỐI TẮC MÓN NGON MỖI NGÀY VIVU TV 19042020.,ViVU TV,2020-04-18,296,25,7409,1280,720
L26_V490,_-Zd4lQnAnI,https://www.youtube.com/watch?v=_-Zd4lQnAnI,PANCAKE ĐẬU XANH CỐT DỪA MÓN NGON MỖI NGÀY VIVU TV 18042020,ViVU TV,2020-04-17,309,25,7715,1280,720
L26_V491,wmZWRI8T9CQ,https://www.youtube.com/watch?v=wmZWRI8T9CQ,SALAD BÒ DƯA KIỆU TƯƠI MÁT GIẢI NHIỆT MÙA DỊCH MÓN NGON MỖI NGÀY VIVU TV 17042020,ViVU TV,2020-04-16,309,25,7713,1280,720
L26_V492,ZywPFLu9dos,https://www.youtube.com/watch?v=ZywPFLu9dos,PANCAKE KHOAI LANG MẬT ONG MÓN NGON MỖI NGÀY VIVU TV 21022020,ViVU TV,2020-04-14,309,25,7721,1280,720
L26_V493,wFLYkAlGt10,https://www.youtube.com/watch?v=wFLYkAlGt10,CANH CHÂN NẤM TÁO ĐỎ MÓN NGON MỖI NGÀY VIVU TV 12042020,ViVU TV,2020-04-11,309,25,7729,1280,720
L26_V494,Zc_zw3FR6Pc,https://www.youtube.com/watch?v=Zc_zw3FR6Pc,PANCAKE DỨA HẠNH NHÂN MÓN NGON MỖI NGÀY VIVU TV 11042020,ViVU TV,2020-04-10,306,25,7659,1280,720
L26_V495,ooCegsCSEkM,https://www.youtube.com/watch?v=ooCegsCSEkM,LẨU ẾCH LÁ LỐT MÓN NGON MỖI NGÀY VIVU TV 29022020,ViVU TV,2020-04-10,310,25,7741,1280,720
L26_V496,ISS_V1_t6sg,https://www.youtube.com/watch?v=ISS_V1_t6sg,CƠM GẠO LỨT TRỘN MÓN NGON MỖI NGÀY VIVU TV 01032020,ViVU TV,2020-04-10,309,25,7723,1280,720
L26_V497,-ojux-HklLc,https://www.youtube.com/watch?v=-ojux-HklLc,ĐẬU HỦ HẤP NẤM NHẬT MÓN NGON MỖI NGÀY VIVU TV 06032020,ViVU TV,2020-04-10,306,25,7653,1280,720
L26_V498,oBnxnZ-YeP8,https://www.youtube.com/watch?v=oBnxnZ-YeP8,SALAD CẢI MẦM TÔM CHIÊN MÓN NGON MỖI NGÀY VIVU TV 07032020,ViVU TV,2020-04-10,306,25,7636,1280,720
L26_V499,qsIhLw5xIgA,https://www.youtube.com/watch?v=qsIhLw5xIgA,CÁ CHÉP NẤU RIỀNG MẺ MÓN NGON MỖI NGÀY VIVU TV 05042020,ViVU TV,2020-04-10,308,25,7696,1280,720
L27_V001,6_4YFckbd1g,https://www.youtube.com/watch?v=6_4YFckbd1g,Việt Nam Đi Là Ghiền - Mùa 3 Tập 17 Miếu Bà Núi Sam (04102024),HTV Giải Trí,2024-10-03,598,25,14962,1280,720
L27_V002,qgPsK3GjSXc,https://www.youtube.com/watch?v=qgPsK3GjSXc,Việt Nam Đi Là Ghiền - Mùa 3 Tập15 Măng rừng vùng Bảy Núi An Giang 20092024,HTV Giải Trí,2024-09-19,588,25,14688,1280,720
L27_V003,2Ol1Lv9JtMc,https://www.youtube.com/watch?v=2Ol1Lv9JtMc,Việt Nam đi là ghiền Mùa 3 Tập 14 Rau rừng và bánh xèo trên đỉnh núi Cấm #VNDLGM3 13092024,HTV Giải Trí,2024-09-13,588,25,14709,1280,720
L27_V004,peuk4c36Fvg,https://www.youtube.com/watch?v=peuk4c36Fvg,Việt Nam Đi Là Ghiền - Mùa 3 Tập 13,HTV Giải Trí,2024-09-05,601,25,15014,1280,720
L27_V005,IwxcTZ7U_UM,https://www.youtube.com/watch?v=IwxcTZ7U_UM,VIỆT NAM đi là ghiền Mùa 3 Tập 12 MŨI NAI #VNDLGM3,HTV Giải Trí,2024-08-30,606,25,15148,1280,720
L27_V006,kHqIiNIJaM0,https://www.youtube.com/watch?v=kHqIiNIJaM0,Việt Nam Đi Là Ghiền - Mùa 3 Tập 11 BUN KEN HA TIEN 23082024,HTV Giải Trí,2024-08-22,581,25,14512,1280,720
L27_V007,cQprP6LQDuQ,https://www.youtube.com/watch?v=cQprP6LQDuQ,Việt Nam đi là ghiền Mùa 3 Tập 10 HÀ TIÊN XƯA #VNDLGM3,HTV Giải Trí,2024-08-15,603,25,15066,1280,720
L27_V008,J6IGW1zbjZU,https://www.youtube.com/watch?v=J6IGW1zbjZU,Việt Nam Đi Là Ghiền - Mùa 3 Tập 9 Danh Thắng Hòn Chong,HTV Giải Trí,2024-08-09,602,25,15037,1280,720
L27_V009,G18wvtz_7aA,https://www.youtube.com/watch?v=G18wvtz_7aA,VIỆT NAM ĐI LÀ GHIỀN MÙA 3 TẬP 8 KHÁM PHÁ MÓN NGON XỨ BIỂN #VNDLGM3,HTV Giải Trí,2024-08-01,579,25,14469,1280,720
L27_V010,ztY08a2hmg8,https://www.youtube.com/watch?v=ztY08a2hmg8,Việt Nam đi là ghiền Mùa 3 Tập 7 Rạch Giá Phố biển cổ xưa và nay #VNDLGM3,HTV Giải Trí,2024-07-18,584,25,14612,1280,720
L27_V011,MS5NPYXl6F4,https://www.youtube.com/watch?v=MS5NPYXl6F4,Việt Nam Đi Là Ghiền - Mùa 3 - Tập 6 Miệt Vườn Ngã Bảy,HTV Giải Trí,2024-07-11,594,25,14849,1280,720
L27_V012,hPva71jR_vQ,https://www.youtube.com/watch?v=hPva71jR_vQ,Việt Nam đi là ghiền Mùa 3 Tập 5 Làng trầu Vị Thuỷ #VNDLGM3,HTV Giải Trí,2024-07-04,601,25,15021,1280,720
L27_V013,xGFcE9L6aU0,https://www.youtube.com/watch?v=xGFcE9L6aU0,Việt Nam Đi Là Ghiền - Mùa 3 Tập 4 Trăm Năm làng Khóm.,HTV Giải Trí,2024-06-28,572,25,14295,1280,720
L27_V014,yQvVjEyOSro,https://www.youtube.com/watch?v=yQvVjEyOSro,Việt Nam đi là ghiền Tập 3 Mùa 3 Một ngày làm nông dân chăn dê #VNDLGM3,HTV Giải Trí,2024-06-20,580,25,14490,1280,720
L27_V015,T0bW8kAbJQw,https://www.youtube.com/watch?v=T0bW8kAbJQw,Việt Nam Đi Là Ghiền MÙA 3 TẬP 2 Du lịch xanh Hậu Giang #VNDLGM3,HTV Giải Trí,2024-06-13,587,25,14684,1280,720
L27_V016,JRTSR1inWyg,https://www.youtube.com/watch?v=JRTSR1inWyg,Việt Nam đi là ghiền Mùa 3 Tập 1 Làng khô sặc rằn U Minh #VNDLGM3,HTV Giải Trí,2024-06-06,569,25,14232,1280,720
L28_V001,NsjPtzHAP9k,https://www.youtube.com/watch?v=NsjPtzHAP9k,"Tản Mạn Mê Kông, Đến Và Ở Lại TẬP 1 342024",HTV Entertainment,2024-05-02,1267,25,31676,1280,720
L28_V002,P-2w4ZQ8cfY,https://www.youtube.com/watch?v=P-2w4ZQ8cfY,"Tản Mạn Mê Kông, Đến Và Ở Lại TẬP 2 1142024",HTV Entertainment,2024-05-02,1151,25,28769,1280,720
L28_V003,drvFdl-YyEg,https://www.youtube.com/watch?v=drvFdl-YyEg,"Tản Mạn Mê Kông, Đến Và Ở Lại TẬP 3 252024",HTV Entertainment,2024-05-02,1151,25,28778,1280,720
L28_V004,TvAkmSILNAI,https://www.youtube.com/watch?v=TvAkmSILNAI,"Tản Mạn Mê Kông, Đến Và Ở Lại TẬP 5 252024",HTV Entertainment,2024-05-02,1123,25,28067,1280,720
L28_V005,mZ3T2GFsxF8,https://www.youtube.com/watch?v=mZ3T2GFsxF8,"Tản Mạn Mê Kông, Đến Và Ở Lại TẬP 4 2242024",HTV Entertainment,2024-05-02,1127,25,28175,1280,720
L28_V006,yATaJAabU7o,https://www.youtube.com/watch?v=yATaJAabU7o,"Tản Mạn Mê Kông, Đến Và Ở Lại TẬP 6 952024",HTV Entertainment,2024-05-09,1137,25,28432,1280,720
L28_V007,qJb7coqrBPs,https://www.youtube.com/watch?v=qJb7coqrBPs,"Tản Mạn Mê Kông, Đến Và Ở Lại TẬP 7 1652024",HTV Entertainment,2024-05-16,1130,25,28259,1280,720
L28_V008,CGG6plMAZAI,https://www.youtube.com/watch?v=CGG6plMAZAI,"Tản Mạn Mê Kông, Đến Và Ở Lại TẬP 8 2352024",HTV Entertainment,2024-05-23,1118,25,27961,1280,720
L28_V009,uYy6Wjn5shc,https://www.youtube.com/watch?v=uYy6Wjn5shc,"Tản Mạn Mê Kông, Đến Và Ở Lại TẬP 9 3052024",HTV Entertainment,2024-05-30,1139,25,28475,1280,720
L28_V010,00vX5XaaR1g,https://www.youtube.com/watch?v=00vX5XaaR1g,"Tản Mạn Mê Kông, Đến Và Ở Lại TẬP 10 662024",HTV Entertainment,2024-06-06,1121,25,28017,1280,720
L28_V011,1uRzTNscALU,https://www.youtube.com/watch?v=1uRzTNscALU,"Tản Mạn Mê Kông, Đến Và Ở Lại TẬP 11 1352024",HTV Entertainment,2024-06-13,1141,25,28520,1280,720
L28_V012,3XVfUsKAqZs,https://www.youtube.com/watch?v=3XVfUsKAqZs,"Tản Mạn Mê Kông, Đến Và Ở Lại TẬP 12 2762024",HTV Entertainment,2024-06-27,1137,25,28411,1280,720
L28_V013,ngVtBZ5euhM,https://www.youtube.com/watch?v=ngVtBZ5euhM,"Tản Mạn Mê Kông, Đến Và Ở Lại TẬP 13 472024",HTV Entertainment,2024-07-04,1130,25,28250,1280,720
L28_V014,JuldTsGDanc,https://www.youtube.com/watch?v=JuldTsGDanc,"Tản Mạn Mê Kông, Đến Và Ở Lại TẬP 14 1172024",HTV Entertainment,2024-07-11,1131,25,28285,1280,720
L28_V015,Khd020nLqc4,https://www.youtube.com/watch?v=Khd020nLqc4,"Tản Mạn Mê Kông, Đến Và Ở Lại TẬP 15 1872024",HTV Entertainment,2024-07-18,1130,25,28258,1280,720
L28_V016,Fd0RDp8WRYs,https://www.youtube.com/watch?v=Fd0RDp8WRYs,"Tản Mạn Mê Kông, Đến Và Ở Lại TẬP 16 182024",HTV Entertainment,2024-08-01,1169,25,29230,1280,720
L28_V017,2V7ehQvX5vc,https://www.youtube.com/watch?v=2V7ehQvX5vc,"Tản Mạn Mê Kông, Đến Và Ở Lại TẬP 17 882024",HTV Entertainment,2024-08-08,1170,25,29254,1280,720
L28_V018,ZpgX2kDHSRY,https://www.youtube.com/watch?v=ZpgX2kDHSRY,"Tản Mạn Mê Kông, Đến Và Ở Lại TẬP 18 1582024",HTV Entertainment,2024-08-15,1130,25,28238,1280,720
L28_V019,QUJ1H3R_8Cw,https://www.youtube.com/watch?v=QUJ1H3R_8Cw,"Tản Mạn Mê Kông, Đến Và Ở Lại TẬP 19 2282024",HTV Entertainment,2024-08-22,1134,25,28339,1280,720
L28_V020,Roat2usqL5M,https://www.youtube.com/watch?v=Roat2usqL5M,"Tản Mạn Mê Kông, Đến Và Ở Lại TẬP 20 2982024",HTV Entertainment,2024-08-29,1099,25,27465,1280,720
L28_V021,9emEf_l9VYY,https://www.youtube.com/watch?v=9emEf_l9VYY,"Tản Mạn Mê Kông, Đến Và Ở Lại TẬP 21 592024",HTV Entertainment,2024-09-05,1130,25,28254,1280,720
L28_V022,2epORUZoAVA,https://www.youtube.com/watch?v=2epORUZoAVA,"Tản Mạn Mê Kông, Đến Và Ở Lại TẬP 22 1292024",HTV Entertainment,2024-09-12,1106,25,27653,1280,720
L28_V023,-CuZ6u6T4eM,https://www.youtube.com/watch?v=-CuZ6u6T4eM,"Tản Mạn Mê Kông, Đến Và Ở Lại TẬP 24 Sự hội nhập của cộng đồng dân tộc Khơ Me 1992024",HTV Entertainment,2024-09-19,1094,25,27353,1280,720
L28_V024,z-n2TiNYzkk,https://www.youtube.com/watch?v=z-n2TiNYzkk,"Tản Mạn Mê Kông, Đến Và Ở Lại TẬP 24 2692024",HTV Entertainment,2024-09-26,1126,25,28150,1280,720
L29_V001,eIGo6ijIfXI,https://www.youtube.com/watch?v=eIGo6ijIfXI,Đôi Mắt MeKong Tập 3 Nghề đan đát,HTV Entertainment,2024-04-30,1083,25,27076,1280,720
L29_V002,wtvd-QeSJbI,https://www.youtube.com/watch?v=wtvd-QeSJbI,Đôi Mắt MeKong Tập 2 Cua Cà Mau,HTV Entertainment,2024-04-29,1047,25,26177,1280,720
L29_V003,nYSWDBktoD4,https://www.youtube.com/watch?v=nYSWDBktoD4,Đôi Mắt MeKong Tập 1 Vườn cò Tư Sự,HTV Entertainment,2024-04-29,1047,25,26176,1280,720
L29_V004,VGGQv1S47wk,https://www.youtube.com/watch?v=VGGQv1S47wk,Đôi Mắt Mê Kông Tập 4 Gác Kèo Ong 26042024,HTV Entertainment,2024-05-02,1073,25,26813,1280,720
L29_V005,DOiWrnu9pDQ,https://www.youtube.com/watch?v=DOiWrnu9pDQ,Đôi Mắt Mê Kông TẬP 5 352024,HTV Entertainment,2024-05-03,1069,25,26721,1280,720
L29_V006,rnkWGeN6NeQ,https://www.youtube.com/watch?v=rnkWGeN6NeQ,Đôi Mắt Mê Kông TẬP 6 Nhớ con ba khía Cà Mau 1052024,HTV Entertainment,2024-05-10,1076,25,26903,1280,720
L29_V007,WvQyARkVfaw,https://www.youtube.com/watch?v=WvQyARkVfaw,Đôi Mắt Mê Kông TẬP 7 1752024,HTV Entertainment,2024-05-17,1073,25,26821,1280,720
L29_V008,2-1IsZt5gO4,https://www.youtube.com/watch?v=2-1IsZt5gO4,Đôi Mắt Mê Kông TẬP 8 Làng tôm khô Rạch Gốc 2452024,HTV Entertainment,2024-05-24,1062,25,26538,1280,720
L29_V009,r2piPBjdWh4,https://www.youtube.com/watch?v=r2piPBjdWh4,Đôi Mắt Mê Kông TẬP 9 3152024,HTV Entertainment,2024-05-31,1077,25,26931,1280,720
L29_V010,u3Y_ngROflM,https://www.youtube.com/watch?v=u3Y_ngROflM,Đôi Mắt Mê Kông TẬP 10 762024,HTV Entertainment,2024-06-07,1055,25,26375,1280,720
L29_V011,RilnkY0S9Ik,https://www.youtube.com/watch?v=RilnkY0S9Ik,Đôi Mắt Mê Kông TẬP 11 1462024,HTV Entertainment,2024-06-14,1076,25,26893,1280,720
L29_V012,JmOtq-8ph_U,https://www.youtube.com/watch?v=JmOtq-8ph_U,Đôi Mắt Mê Kông TẬP 12 2862024,HTV Entertainment,2024-06-28,1061,25,26522,1280,720
L29_V013,dkfc-Bd3dac,https://www.youtube.com/watch?v=dkfc-Bd3dac,Đôi Mắt Mê Kông TẬP 13 1272024,HTV Entertainment,2024-07-12,1073,25,26829,1280,720
L29_V014,dlkqreqM78g,https://www.youtube.com/watch?v=dlkqreqM78g,Đôi Mắt Mê Kông TẬP 14 1972024,HTV Entertainment,2024-07-19,1027,25,25662,1280,720
L29_V015,H8SyI38Rd-M,https://www.youtube.com/watch?v=H8SyI38Rd-M,Đôi Mắt Mê Kông TẬP 15 282024,HTV Entertainment,2024-08-02,1081,25,27032,1280,720
L29_V016,eIIFK5Eq2SM,https://www.youtube.com/watch?v=eIIFK5Eq2SM,Đôi Mắt Mê Kông TẬP 16 Chồn Hương Cà Mau 982024,HTV Entertainment,2024-08-09,1065,25,26625,1280,720
L29_V017,g7fxVyYXRts,https://www.youtube.com/watch?v=g7fxVyYXRts,Đôi Mắt Mê Kông TẬP 17 1682024,HTV Entertainment,2024-08-16,1083,25,27069,1280,720
L29_V018,P_XTsXOuMcg,https://www.youtube.com/watch?v=P_XTsXOuMcg,Đôi Mắt Mê Kông TẬP 18 2382024,HTV Entertainment,2024-08-23,1096,25,27393,1280,720
L29_V019,5sItinhLIDI,https://www.youtube.com/watch?v=5sItinhLIDI,Đôi Mắt Mê Kông TẬP 19 3082024,HTV Entertainment,2024-09-04,1065,25,26633,1280,720
L29_V020,xz46Hs9awuc,https://www.youtube.com/watch?v=xz46Hs9awuc,Đôi Mắt Mê Kông TẬP 20 692024,HTV Entertainment,2024-09-06,1089,25,27218,1280,720
L29_V021,wqEyM3rGuWs,https://www.youtube.com/watch?v=wqEyM3rGuWs,Đôi Mắt Mê Kông TẬP 21 1392024,HTV Entertainment,2024-09-13,1080,25,27006,1280,720
L29_V022,bPeuYIROeTA,https://www.youtube.com/watch?v=bPeuYIROeTA,Đôi Mắt Mê Kông TẬP 22 Nghề làm mắm cá đồng Thới Bình (2092024),HTV Entertainment,2024-09-20,1090,25,27243,1280,720
L29_V023,vgQQe1AS9Y4,https://www.youtube.com/watch?v=vgQQe1AS9Y4,Đôi Mắt Mê Kông TẬP 23 2792024,HTV Entertainment,2024-09-27,1082,25,27057,1280,720
L30_V001,-3DpZteWZW4,https://www.youtube.com/watch?v=-3DpZteWZW4,Lan tỏa năng lượng tích cực 2024 Chàng trai ‘hồi sinh’ xe đạp tặng người nghèo,Báo Tuổi Trẻ,2024-10-10,127,25,3162,1280,720
L30_V002,49QGabZZdHI,https://www.youtube.com/watch?v=49QGabZZdHI,Lan tỏa năng lượng tích cực 2024 Nuôi ước mơ gieo con chữ cho người nghèo,Báo Tuổi Trẻ,2024-10-10,165,25,4117,1280,720
L30_V003,fmE7xoSNjcU,https://www.youtube.com/watch?v=fmE7xoSNjcU,Lan tỏa năng lượng tích cực 2024 Truyền cảm hứng với tinh thần tự học,Báo Tuổi Trẻ,2024-10-08,324,25,8092,1280,720
L30_V004,Tw8amdW5_kY,https://www.youtube.com/watch?v=Tw8amdW5_kY,Lan tỏa năng lượng tích cực 2024 Hãy làm cho mẹ tự hào!,Báo Tuổi Trẻ,2024-10-08,240,25,6002,1280,720
L30_V005,xhwVO3V9oi0,https://www.youtube.com/watch?v=xhwVO3V9oi0,Lan tỏa năng lượng tích cực 2024 Lan tỏa phong trào hiến máu tình nguyện,Báo Tuổi Trẻ,2024-10-06,66,25,1659,1280,720
L30_V006,VFlp6KZL3uI,https://www.youtube.com/watch?v=VFlp6KZL3uI,Lan tỏa năng lượng tích cực 2024 Ban nhạc học sinh lan tỏa niềm vui qua câu hát,Báo Tuổi Trẻ,2024-10-06,186,25,4660,1280,720
L30_V007,aW1gnfvMIag,https://www.youtube.com/watch?v=aW1gnfvMIag,Lan tỏa năng lượng tích cực 2024 Giúp nhau học tốt,Báo Tuổi Trẻ,2024-10-03,312,25,7795,1280,720
L30_V008,wy7GtcNaVZU,https://www.youtube.com/watch?v=wy7GtcNaVZU,Lan tỏa năng lượng tích cực 2024 Nỗ lực khôi phục nghệ thuật xưa,Báo Tuổi Trẻ,2024-10-02,205,25,5132,1280,720
L30_V009,gsR4rCct7RE,https://www.youtube.com/watch?v=gsR4rCct7RE,Lan tỏa năng lượng tích cực 2024 Sử dụng mạng xã hội để làm điều có ích,Báo Tuổi Trẻ,2024-10-02,422,25,10542,1280,720
L30_V010,zOJqflPAaxk,https://www.youtube.com/watch?v=zOJqflPAaxk,Lan tỏa năng lượng tích cực 2024 ‘Gieo chữ’ cho học sinh nghèo,Báo Tuổi Trẻ,2024-10-01,166,25,4143,1280,720
L30_V011,TE9WlQX9O8Y,https://www.youtube.com/watch?v=TE9WlQX9O8Y,Lan tỏa năng lượng tích cực 2024 Chúng ta hãy giúp đỡ động vật,Báo Tuổi Trẻ,2024-09-29,75,25,1882,1280,720
L30_V012,IQ-dAO4DtLY,https://www.youtube.com/watch?v=IQ-dAO4DtLY,Lan tỏa năng lượng tích cực 2024 Cỏ thủy tinh trên đất thép,Báo Tuổi Trẻ,2024-09-29,320,25,7995,1280,720
L30_V013,ZTrhZW1Mu44,https://www.youtube.com/watch?v=ZTrhZW1Mu44,Lan tỏa năng lượng tích cực 2024 Theo đuổi ước mơ làm giàu từ đam mê,Báo Tuổi Trẻ,2024-09-28,81,25,2036,1280,720
L30_V014,UBROYKS3SQE,https://www.youtube.com/watch?v=UBROYKS3SQE,Lan tỏa năng lượng tích cực 2024 Tiệm sách miễn phí ‘3 không’ ở Sài Gòn,Báo Tuổi Trẻ,2024-09-28,114,25,2858,1280,720
L30_V015,A1vwxmEFNFo,https://www.youtube.com/watch?v=A1vwxmEFNFo,Lan tỏa năng lượng tích cực 2024 Hãy làm phong phú cuộc sống của bạn!,Báo Tuổi Trẻ,2024-09-27,272,25,6788,1280,720
L30_V016,3yXbJYJWOQY,https://www.youtube.com/watch?v=3yXbJYJWOQY,Lan tỏa năng lượng tích cực 2024 Cùng nhau lan tỏa yêu thương,Báo Tuổi Trẻ,2024-09-26,138,25,3455,1280,720
L30_V017,GXNXxVZiKwg,https://www.youtube.com/watch?v=GXNXxVZiKwg,Lan tỏa năng lượng tích cực 2024 Thanh âm diệu kỳ của trống Hang-drum,Báo Tuổi Trẻ,2024-09-26,291,25,7265,1280,720
L30_V018,B1caF2UNKYM,https://www.youtube.com/watch?v=B1caF2UNKYM,Lan tỏa năng lượng tích cực 2024 Trái tim người thầy thuốc,Báo Tuổi Trẻ,2024-09-22,378,25,9448,1280,720
L30_V019,uLKK8dCYLA0,https://www.youtube.com/watch?v=uLKK8dCYLA0,Lan tỏa năng lượng tích cực 2024 Lan tỏa tinh thần tương trợ,Báo Tuổi Trẻ,2024-09-22,175,25,4386,1280,720
L30_V020,IWROho5sjF4,https://www.youtube.com/watch?v=IWROho5sjF4,Lan tỏa năng lượng tích cực 2024 Tấm lòng hướng về những bệnh nhân nghèo,Báo Tuổi Trẻ,2024-09-19,141,25,3526,1280,720
L30_V021,sOtGZ_7XXSA,https://www.youtube.com/watch?v=sOtGZ_7XXSA,Lan tỏa năng lượng tích cực 2024 Chung tay chia sẻ yêu thương,Báo Tuổi Trẻ,2024-09-19,126,25,3153,1280,720
L30_V022,RStRfBY39hU,https://www.youtube.com/watch?v=RStRfBY39hU,Lan tỏa năng lượng tích cực 2024 Trung thu ý nghĩa,Báo Tuổi Trẻ,2024-09-18,117,25,2914,1280,720
L30_V023,QrckUWVBXM4,https://www.youtube.com/watch?v=QrckUWVBXM4,Lan tỏa năng lượng tích cực 2024 Tình nghĩa đồng bào,Báo Tuổi Trẻ,2024-09-18,235,25,5882,1280,720
L30_V024,XWfzuNXMg0I,https://www.youtube.com/watch?v=XWfzuNXMg0I,Lan tỏa năng lượng tích cực 2024 Sáng tạo góp phần nâng tầm bánh kem,Báo Tuổi Trẻ,2024-09-17,136,25,3407,1280,720
L30_V025,ig2iI8azYTU,https://www.youtube.com/watch?v=ig2iI8azYTU,Lan tỏa năng lượng tích cực 2024 Âm nhạc nâng đỡ tâm hồn người yếu thế,Báo Tuổi Trẻ,2024-09-17,248,25,6189,1280,720
L30_V026,zOC3PjaOmpU,https://www.youtube.com/watch?v=zOC3PjaOmpU,Lan tỏa năng lượng tích cực 2024 Sinh viên dựng kịch nói tôn vinh Việt phục,Báo Tuổi Trẻ,2024-09-16,182,25,4539,1280,720
L30_V027,BNQ36v3g_38,https://www.youtube.com/watch?v=BNQ36v3g_38,Lan tỏa năng lượng tích cực 2024 15 tập nhật ký lưu giữ ký ức,Báo Tuổi Trẻ,2024-09-16,351,25,8783,1280,720
L30_V028,zU7WeOX915I,https://www.youtube.com/watch?v=zU7WeOX915I,Lan tỏa năng lượng tích cực 2024 Thỏa sức sáng tạo dù ở bất cứ độ tuổi nào,Báo Tuổi Trẻ,2024-09-13,245,25,6123,1280,720
L30_V029,6KXhreofgZo,https://www.youtube.com/watch?v=6KXhreofgZo,Lan tỏa năng lượng tích cực 2024 Khởi nghiệp từ dự án làm khóa luận tốt nghiệp,Báo Tuổi Trẻ,2024-09-13,313,25,7813,1280,720
L30_V030,ZdRtPntRebI,https://www.youtube.com/watch?v=ZdRtPntRebI,Lan tỏa năng lượng tích cực 2024 Thắp sáng tương lai bằng con chữ,Báo Tuổi Trẻ,2024-09-11,344,25,8592,1280,720
L30_V031,IGK0b-SsBT8,https://www.youtube.com/watch?v=IGK0b-SsBT8,Lan tỏa năng lượng tích cực 2024 Nghĩa tình đồng bào,Báo Tuổi Trẻ,2024-09-11,140,25,3499,1280,720
L30_V032,A1YYKssUaSM,https://www.youtube.com/watch?v=A1YYKssUaSM,Lan tỏa năng lượng tích cực 2024 Bệnh tật không đánh gục giấc mơ đại học,Báo Tuổi Trẻ,2024-09-09,250,25,6258,1280,720
L30_V033,YCbabfKHttc,https://www.youtube.com/watch?v=YCbabfKHttc,Lan tỏa năng lượng tích cực 2024 Biết ơn và trân trọng thiên nhiên,Báo Tuổi Trẻ,2024-09-08,343,25,8579,1280,720
L30_V034,azvN9E0FCYQ,https://www.youtube.com/watch?v=azvN9E0FCYQ,Lan tỏa năng lượng tích cực 2024 Lớp học đong đầy yêu thương,Báo Tuổi Trẻ,2024-09-08,265,25,6630,1280,720
L30_V035,3SVVqwSgEts,https://www.youtube.com/watch?v=3SVVqwSgEts,Lan tỏa năng lượng tích cực 2024 Giữ cho làng chiếu mãi tươi màu,Báo Tuổi Trẻ,2024-09-07,80,25,2006,1280,720
L30_V036,hIYbICLJGHU,https://www.youtube.com/watch?v=hIYbICLJGHU,Lan tỏa năng lượng tích cực 2024 Du lịch miệt vườn - cách chữa lành tích cực,Báo Tuổi Trẻ,2024-09-07,83,25,2081,1280,720
L30_V037,REoDm1UvwWQ,https://www.youtube.com/watch?v=REoDm1UvwWQ,"Lan tỏa năng lượng tích cực 2024 Vượt qua bạo bệnh, lan tỏa năng lượng tích cực",Báo Tuổi Trẻ,2024-09-06,219,25,5463,1280,720
L30_V038,04XAyCRw-r4,https://www.youtube.com/watch?v=04XAyCRw-r4,Lan tỏa năng lượng tích cực 2024 Hoa nhân ái,Báo Tuổi Trẻ,2024-09-05,253,25,6314,1280,720
L30_V039,dwz3Pu_5_Oo,https://www.youtube.com/watch?v=dwz3Pu_5_Oo,Lan tỏa năng lượng tích cực 2024 ‘Gieo chữ’ cho học trò nghèo,Báo Tuổi Trẻ,2024-09-05,273,25,6819,1280,720
L30_V040,-SYD0wQjPd4,https://www.youtube.com/watch?v=-SYD0wQjPd4,Lan tỏa năng lượng tích cực 2024 Mái ấm của những chú mèo hoang,Báo Tuổi Trẻ,2024-09-04,65,25,1628,1280,720
L30_V041,0D9KW8W5Mdo,https://www.youtube.com/watch?v=0D9KW8W5Mdo,Lan tỏa năng lượng tích cực 2024 Tìm về hồi ức tuổi thơ,Báo Tuổi Trẻ,2024-09-04,84,25,2103,1280,720
L30_V042,SUYmkr_-7BM,https://www.youtube.com/watch?v=SUYmkr_-7BM,Lan tỏa năng lượng tích cực 2024 Kiến thức bao la từ mái chùa,Báo Tuổi Trẻ,2024-09-03,111,25,2785,1280,720
L30_V043,xZ-h9mdkAJQ,https://www.youtube.com/watch?v=xZ-h9mdkAJQ,Lan tỏa năng lượng tích cực 2024 Quán trọ bao dung,Báo Tuổi Trẻ,2024-09-02,185,25,4617,1280,720
L30_V044,iKakpS0KqWw,https://www.youtube.com/watch?v=iKakpS0KqWw,Lan tỏa năng lượng tích cực 2024 Quán cà phê của sự tử tế,Báo Tuổi Trẻ,2024-09-02,133,25,3318,1280,720
L30_V045,EWX1ttKXD7M,https://www.youtube.com/watch?v=EWX1ttKXD7M,Lan tỏa năng lượng tích cực 2024 Khơi dậy tình yêu nghề truyền thống,Báo Tuổi Trẻ,2024-08-31,328,25,8198,1280,720
L30_V046,iE0x-jNnoOo,https://www.youtube.com/watch?v=iE0x-jNnoOo,Lan tỏa năng lượng tích cực 2024 Dành tình thương cho người yếu thế,Báo Tuổi Trẻ,2024-08-31,277,25,6932,1280,720
L30_V047,-2NpDMgM_Mw,https://www.youtube.com/watch?v=-2NpDMgM_Mw,Lan tỏa năng lượng tích cực 2024 Cùng lan tỏa những việc làm ý nghĩa,Báo Tuổi Trẻ,2024-08-29,288,25,7189,1280,720
L30_V048,W2cRLfkrO48,https://www.youtube.com/watch?v=W2cRLfkrO48,Lan tỏa năng lượng tích cực 2024 Khát vọng cống hiến,Báo Tuổi Trẻ,2024-08-29,400,25,9990,1280,720
L30_V049,T6SGHUssBlM,https://www.youtube.com/watch?v=T6SGHUssBlM,Cuộc thi Lan tỏa năng lượng tích cực 2024 Ý nghĩa từ lớp dạy bơi miễn phí,Báo Tuổi Trẻ,2024-08-26,181,25,4532,1280,720
L30_V050,s0uarvHzsjs,https://www.youtube.com/watch?v=s0uarvHzsjs,Cuộc thi Lan tỏa năng lượng tích cực 2024 Lớp học đặc biệt giữa rừng,Báo Tuổi Trẻ,2024-08-26,142,25,3551,1280,720
L30_V051,liDOA4iMlbQ,https://www.youtube.com/watch?v=liDOA4iMlbQ,Cuộc thi Lan tỏa năng lượng tích cực 2024 Thông điệp về tình người sau gánh hàng rong,Báo Tuổi Trẻ,2024-08-24,187,25,4669,1280,720
L30_V052,TMmA7_vyyDk,https://www.youtube.com/watch?v=TMmA7_vyyDk,Cuộc thi Lan tỏa năng lượng tích cực 2024 Làm ‘bác sĩ’ cho sách,Báo Tuổi Trẻ,2024-08-24,293,25,7317,1280,720
L30_V053,UtSsdQOaQXo,https://www.youtube.com/watch?v=UtSsdQOaQXo,Lan tỏa năng lượng tích cực 2024 'Cơm treo' nối dài lòng nhân ái,Báo Tuổi Trẻ,2024-08-23,304,25,7608,1280,720
L30_V054,fUmpbxxwUjI,https://www.youtube.com/watch?v=fUmpbxxwUjI,Cuộc thi Lan tỏa năng lượng tích cực 2024 Thắp sáng niềm tin vào cuộc sống,Báo Tuổi Trẻ,2024-08-23,366,25,9148,1280,720
L30_V055,I9lgobC7zW0,https://www.youtube.com/watch?v=I9lgobC7zW0,Lan tỏa năng lượng tích cực 2024 Âm nhạc và sự tử tế,Báo Tuổi Trẻ,2024-08-22,216,25,5405,1280,720
L30_V056,n9n7jZ0826M,https://www.youtube.com/watch?v=n9n7jZ0826M,Lan tỏa năng lượng tích cực 2024 Khởi nghiệp với mong muốn nâng tầm nông sản Việt,Báo Tuổi Trẻ,2024-08-22,300,25,7507,1280,720
L30_V057,1O85iaSp8mI,https://www.youtube.com/watch?v=1O85iaSp8mI,Lan tỏa năng lượng tích cực 2024 Hãy làm cuộc sống trở nên thú vị,Báo Tuổi Trẻ,2024-08-21,187,25,4665,1280,720
L30_V058,aBCOzE6WZOI,https://www.youtube.com/watch?v=aBCOzE6WZOI,Lan tỏa năng lượng tích cực 2024 ‘Chiến thần’ làm tình nguyện,Báo Tuổi Trẻ,2024-08-21,119,25,2968,1280,720
L30_V059,F0Fhw_0kp4g,https://www.youtube.com/watch?v=F0Fhw_0kp4g,Lan tỏa năng lượng tích cực 2024 Đổi mới sáng tạo là chìa khóa thành công,Báo Tuổi Trẻ,2024-08-20,216,25,5393,1280,720
L30_V060,iy5C9JmUtI4,https://www.youtube.com/watch?v=iy5C9JmUtI4,Lan tỏa năng lượng tích cực 2024 Xương rồng và tình yêu,Báo Tuổi Trẻ,2024-08-20,148,25,3689,1280,720
L30_V061,Go8EU72klWA,https://www.youtube.com/watch?v=Go8EU72klWA,Lan tỏa năng lượng tích cực 2024 ‘Khởi nghiệp xanh’ để gần hơn với thiên nhiên,Báo Tuổi Trẻ,2024-08-20,332,25,8312,1280,720
L30_V062,QFYzmxM_I4Q,https://www.youtube.com/watch?v=QFYzmxM_I4Q,Lan tỏa năng lượng tích cực 2024 Hãy yêu thương động vật xung quanh ta!,Báo Tuổi Trẻ,2024-08-19,224,25,5590,1280,720
L30_V063,LQ2dPgNzKfQ,https://www.youtube.com/watch?v=LQ2dPgNzKfQ,Lan tỏa năng lượng tích cực 2024 Yêu và mạnh dạn theo đuổi đam mê,Báo Tuổi Trẻ,2024-08-19,258,25,6462,1280,720
L30_V064,yiHDcwStnhM,https://www.youtube.com/watch?v=yiHDcwStnhM,Lan tỏa năng lượng tích cực 2024 Chia sẻ hơi ấm đến người nghèo,Báo Tuổi Trẻ,2024-08-18,274,25,6854,1280,720
L30_V065,hV4kwDQgdvw,https://www.youtube.com/watch?v=hV4kwDQgdvw,Lan tỏa năng lượng tích cực 2024 Thanh âm đại ngàn,Báo Tuổi Trẻ,2024-08-17,108,25,2691,1280,720
L30_V066,qvaL7aPATFc,https://www.youtube.com/watch?v=qvaL7aPATFc,Cuộc thi Lan tỏa năng lượng tích cực 2024 Lan tỏa tinh thần sống đẹp,Báo Tuổi Trẻ,2024-08-17,280,25,7000,1280,720
L30_V067,eZYnHmFDIro,https://www.youtube.com/watch?v=eZYnHmFDIro,Lan tỏa năng lượng tích cực 2024 Kết nối những trái tim,Báo Tuổi Trẻ,2024-08-16,111,25,2765,1280,720
L30_V068,gR0mTeteR04,https://www.youtube.com/watch?v=gR0mTeteR04,Lan tỏa năng lượng tích cực 2024 Bản làng hạnh phúc,Báo Tuổi Trẻ,2024-08-16,247,25,6167,1280,720
L30_V069,ezQ4LR54rnk,https://www.youtube.com/watch?v=ezQ4LR54rnk,Lan tỏa năng lượng tích cực 2024 Sáng chế hữu ích của 'kỹ sư chân đất',Báo Tuổi Trẻ,2024-08-15,225,25,5622,1280,720
L30_V070,fVB_dRzhaN0,https://www.youtube.com/watch?v=fVB_dRzhaN0,Cuộc thi Lan tỏa năng lượng tích cực 2024 Hạnh phúc trên những phím đàn,Báo Tuổi Trẻ,2024-08-15,89,25,2235,1280,720
L30_V071,ywjjXVohLNs,https://www.youtube.com/watch?v=ywjjXVohLNs,Lan tỏa năng lượng tích cực 2024 Người giữ rừng,Báo Tuổi Trẻ,2024-08-14,78,25,1942,1280,720
L30_V072,-imEtAqSvgY,https://www.youtube.com/watch?v=-imEtAqSvgY,Lan tỏa năng lượng tích cực 2024 12 năm mang yêu thương trao nơi vùng xa,Báo Tuổi Trẻ,2024-08-14,87,25,2169,1280,720
L30_V073,3tBU3Pa2ys8,https://www.youtube.com/watch?v=3tBU3Pa2ys8,Cuộc thi Lan tỏa năng lượng tích cực 2024 Dùng chuyên môn để làm thiện nguyện,Báo Tuổi Trẻ,2024-08-13,210,25,5245,1280,720
L30_V074,HFV6Jaspld8,https://www.youtube.com/watch?v=HFV6Jaspld8,"Lan tỏa năng lượng tích cực 2024 Lưu giữ hồi ức qua bộ sưu tập sách, lưu bút",Báo Tuổi Trẻ,2024-08-11,257,25,6426,1280,720
L30_V075,IEZtrkG794I,https://www.youtube.com/watch?v=IEZtrkG794I,Lan tỏa năng lượng tích cực 2024 Chàng trai tinh thể,Báo Tuổi Trẻ,2024-08-11,258,25,6459,1280,720
L30_V076,B2vIR7EZnac,https://www.youtube.com/watch?v=B2vIR7EZnac,Lan tỏa năng lượng tích cực 2024 Tấm lòng của một vị lương y,Báo Tuổi Trẻ,2024-08-10,169,25,4215,1280,720
L30_V077,oOqxp67tCgQ,https://www.youtube.com/watch?v=oOqxp67tCgQ,"Lan tỏa năng lượng tích cực 2024 ‘Ai cần thì đến lấy, ai dư thì đến cho’",Báo Tuổi Trẻ,2024-08-10,199,25,4964,1280,720
L30_V078,rNnSnWrITiY,https://www.youtube.com/watch?v=rNnSnWrITiY,Lan tỏa năng lượng tích cực 2024 Lớp học 0 đồng cho người yêu bếp,Báo Tuổi Trẻ,2024-08-09,198,25,4947,1280,720
L30_V079,ooARL85vaYE,https://www.youtube.com/watch?v=ooARL85vaYE,Lan tỏa năng lượng tích cực 2024 Tiệm sửa xe dễ thương giữa lòng Sài Gòn,Báo Tuổi Trẻ,2024-08-09,160,25,4004,1280,720
L30_V080,AbRc6CLY_M8,https://www.youtube.com/watch?v=AbRc6CLY_M8,Lan tỏa năng lượng tích cực 2024 Đam mê dẫn lối,Báo Tuổi Trẻ,2024-08-09,278,25,6937,1280,720
L30_V081,jEEh04VGLtw,https://www.youtube.com/watch?v=jEEh04VGLtw,Cuộc thi Lan tỏa năng lượng tích cực 2024 Nơi tình người tỏa sáng,Báo Tuổi Trẻ,2024-08-08,184,25,4605,1280,720
L30_V082,2jFspBwznPw,https://www.youtube.com/watch?v=2jFspBwznPw,Lan tỏa năng lượng tích cực 2024 Trái tim yêu thương,Báo Tuổi Trẻ,2024-08-07,220,25,5506,1280,720
L30_V083,lRUf6mjdd4s,https://www.youtube.com/watch?v=lRUf6mjdd4s,Lan tỏa năng lượng tích cực 2024 Màu của hy vọng,Báo Tuổi Trẻ,2024-08-07,297,25,7434,1280,720
L30_V084,kCB06CfmEY0,https://www.youtube.com/watch?v=kCB06CfmEY0,Lan tỏa năng lượng tích cực 2024 Cho đi là còn mãi,Báo Tuổi Trẻ,2024-08-06,207,25,5163,1280,720
L30_V085,-FWnOaD6cUU,https://www.youtube.com/watch?v=-FWnOaD6cUU,Lan tỏa năng lượng tích cực 2024 Hết mình theo đuổi đam mê,Báo Tuổi Trẻ,2024-08-06,195,25,4873,1280,720
L30_V086,rENw-B7fsmQ,https://www.youtube.com/watch?v=rENw-B7fsmQ,Lan tỏa năng lượng tích cực 2024 Sáng tạo để cuộc sống thêm phần thú vị,Báo Tuổi Trẻ,2024-08-05,190,25,4757,1280,720
L30_V087,5ynpxihUKQQ,https://www.youtube.com/watch?v=5ynpxihUKQQ,Lan tỏa năng lượng tích cực 2024 Mong người trẻ yêu thích và lan tỏa văn hóa đọc,Báo Tuổi Trẻ,2024-08-05,226,25,5644,1280,720
L30_V088,GXHddVXdLxE,https://www.youtube.com/watch?v=GXHddVXdLxE,"Lan tỏa năng lượng tích cực 2024 Nếu đã chọn, hãy học cách kiên trì",Báo Tuổi Trẻ,2024-08-04,209,25,5232,1280,720
L30_V089,bvzMTej15UM,https://www.youtube.com/watch?v=bvzMTej15UM,Lan tỏa năng lượng tích cực 2024 Những ‘trái tim xanh’,Báo Tuổi Trẻ,2024-08-04,211,25,5281,1280,720
L30_V090,95vQ4yGGRGU,https://www.youtube.com/watch?v=95vQ4yGGRGU,Lan tỏa năng lượng tích cực 2024 Lan tỏa tình yêu qua sách tranh,Báo Tuổi Trẻ,2024-08-03,225,25,5624,1280,720
L30_V091,ED034yanN_c,https://www.youtube.com/watch?v=ED034yanN_c,Lan tỏa năng lượng tích cực 2024 Hãy cho nhau những gì ta có thể!,Báo Tuổi Trẻ,2024-08-03,281,25,7030,1280,720
L30_V092,XeISyuQ-sDQ,https://www.youtube.com/watch?v=XeISyuQ-sDQ,Cuộc thi Lan tỏa năng lượng tích cực 2024 Ấm áp phiên chợ 0 đồng ở bệnh viện,Báo Tuổi Trẻ,2024-08-02,173,25,4335,1280,720
L30_V093,iMBShv-CmyI,https://www.youtube.com/watch?v=iMBShv-CmyI,Lan tỏa năng lượng tích cực 2024 Bước qua bóng tối,Báo Tuổi Trẻ,2024-08-02,262,25,6546,1280,720
L30_V094,MGJ-x3Ky5UI,https://www.youtube.com/watch?v=MGJ-x3Ky5UI,Lan tỏa năng lượng tích cực 2024 Hệ thống bơm nước tự động giúp nông dân tưới tiêu,Báo Tuổi Trẻ,2024-08-01,219,25,5477,1280,720
L30_V095,xNFsvysBHzU,https://www.youtube.com/watch?v=xNFsvysBHzU,"Lan tỏa năng lượng tích cực 2024 Gieo mầm đam mê, gặt về quả ngọt",Báo Tuổi Trẻ,2024-08-01,310,25,7739,1280,720
L30_V096,PnrBIfUOHQU,https://www.youtube.com/watch?v=PnrBIfUOHQU,Mời bạn đọc tham gia cuộc thi ‘Lan tỏa năng lượng tích cực’ lần 5,Báo Tuổi Trẻ,2024-07-28,94,25,2336,1280,720
